,dt,mis_val,knn,loc_method,path1_av,path2_av,path3_av,path1_b,path2_b,path3_b,path1_av_i,path2_av_i,path3_av_i
0,3s,penalty,1,average,"[16.710496808383382, 8.028145480899454]","[8.322518825387888, 5.360610620472319]","[9.233287680555556, 5.954254961655109]","[16.49965299595892, 11.883403463006058]","[8.80686690990991, 7.296525162827781]","[7.901816744639375, 7.929276733070302]",[19.661601527845228],[11.425492395397221],[10.073315226626416]
1,3s,penalty,1,gaus_80,"[15.245461474332664, 7.674051072436969]","[7.835201011974476, 4.732102609524368]","[6.979294649074075, 4.413395131199432]","[16.49965299595892, 11.883403463006058]","[8.80686690990991, 7.296525162827781]","[6.379785071806501, 4.573514085518356]",[18.065715433871826],[10.474805429940195],[7.554758246396686]
2,3s,penalty,1,gaus_normal,"[15.245461474332664, 7.674051072436969]","[7.835201011974476, 4.732102609524368]","[6.979294649074075, 4.413395131199432]","[16.49965299595892, 11.883403463006058]","[8.80686690990991, 7.296525162827781]","[6.379785071806501, 4.573514085518356]",[18.065715433871826],[10.474805429940195],[7.554758246396686]
3,3s,penalty,1,gaus_top,"[15.245461474332664, 7.674051072436969]","[7.835201011974476, 4.732102609524368]","[6.979294649074075, 4.413395131199432]","[16.49965299595892, 11.883403463006058]","[8.80686690990991, 7.296525162827781]","[6.379785071806501, 4.573514085518356]",[18.065715433871826],[10.474805429940195],[7.554758246396686]
4,3s,penalty,3,average,"[17.14504150005005, 7.321215753979807]","[7.915862325387883, 5.774839674202123]","[9.422011357407404, 5.755764073691116]","[15.140839230526824, 11.065663824959014]","[7.687181856356355, 5.535961708753972]","[7.8501361253561255, 6.358171613746003]",[19.73452739414397],[10.568691449730498],[10.098448761315277]
5,3s,penalty,3,gaus_80,"[15.422128663607323, 8.556360493511983]","[6.8548422301070335, 4.71805191355977]","[7.208982464976623, 3.8515003600761473]","[15.143238679971445, 10.96929372497536]","[7.307766671419278, 5.464935544945324]","[6.931624455893068, 4.113539479229831]",[18.275300477019876],[9.335981437044003],[7.683637060538625]
6,3s,penalty,3,gaus_normal,"[15.436557100448391, 8.506594451056428]","[6.832309949249897, 4.723467472862041]","[7.205353251736499, 3.817457318074561]","[14.997013313591687, 11.021199984926012]","[7.310293973451424, 5.37324688968161]","[6.881457439611097, 3.9564947136348483]",[18.204570870606705],[9.285890756085461],[7.652112468988577]
7,3s,penalty,3,gaus_top,"[14.900903410710713, 8.725528840325225]","[7.111408630092592, 4.675507840252827]","[7.3702025716049375, 4.249949200192672]","[15.37062129833537, 10.405920675376723]","[8.259389773023022, 5.89625437556652]","[7.346855880574453, 7.583079685918491]",[18.256716211907857],[10.2273666839519],[8.147471701341995]
8,3s,penalty,6,average,"[16.82423804219219, 7.487058823968192]","[8.000471321221221, 5.709967719176823]","[12.909125823456792, 6.161948973951025]","[15.250048181051424, 9.83455134227047]","[6.7972041063563555, 5.098788411791787]","[8.645652799145298, 6.555420716515206]",[19.702172246356866],[9.953570165168307],[13.598485350538231]
9,3s,penalty,6,gaus_80,"[15.024453669605146, 8.09400907397728]","[6.310916280104979, 4.067972158462173]","[8.061532027538252, 4.438206671721824]","[14.724657570293893, 10.300923195640308]","[6.5793680992039185, 4.922365334505571]","[6.962989281028804, 3.856489347197855]",[17.864062969713313],[8.36027910891541],[8.743399849538445]
10,3s,penalty,6,gaus_normal,"[14.973508172070195, 8.072591300310922]","[6.3323818975599035, 4.204219926670512]","[7.889582067511901, 4.238382183449734]","[14.752164308401689, 10.172230476407238]","[6.534783270936529, 4.926048263168645]","[6.9872895436231826, 3.751816157721088]",[17.755247823212965],[8.33415297781596],[8.507524484986712]
11,3s,penalty,6,gaus_top,"[14.894236910710712, 7.751108659976366]","[7.013744405092592, 4.27381918557013]","[8.256489055864199, 5.589656715607721]","[14.941002409446481, 11.189358584638384]","[8.224255516266266, 7.352635914011701]","[7.551784088598403, 5.677931251303943]",[18.35135372723841],[10.226901210160587],[9.473420394494019]
12,3s,penalty,12,average,"[16.994107252145895, 8.019821281249667]","[8.176841911846223, 5.070018593867128]","[19.057558528549382, 6.885886179659221]","[15.846946838458827, 9.67250089085552]","[6.768355144582079, 4.739464070495636]","[13.058244285968659, 7.684082958373966]",[20.608261380907972],[10.008626732628526],[20.383886627202326]
13,3s,penalty,12,gaus_80,"[15.445464864107413, 8.884870802601695]","[5.872124339010496, 3.132690016793201]","[8.954455074454547, 5.473740282030154]","[15.34660943650889, 8.914945920949123]","[5.72707407951921, 4.22041274526733]","[8.517182622309072, 6.355851128781679]",[18.567930333513235],[8.032706984404935],[9.986257539521867]
14,3s,penalty,12,gaus_normal,"[15.30881159876757, 8.670530015505541]","[5.8727076083378735, 3.3109877952818456]","[8.73229230609214, 4.939353768446879]","[15.018218432574688, 9.008414340495516]","[5.96786592605011, 4.254167531829894]","[8.533064384995413, 5.4335180259555855]",[18.211963441034687],[8.024317394142455],[9.731470775150799]
15,3s,penalty,12,gaus_top,"[15.678846924599602, 8.953605954944996]","[5.65148817205956, 2.9887814504965924]","[9.22483521697531, 6.61499816477558]","[15.873007433359286, 10.568600132776517]","[7.210180101351351, 6.158015669619639]","[9.211873304284676, 8.644402676612524]",[19.55524986243163],[9.834875931123364],[10.525529687363155]
16,3s,ignore,1,average,"[16.71744258068068, 10.251497727250646]","[10.568159880155154, 5.606947201593588]","[13.144231056790124, 6.050785818463525]","[19.37403732846054, 13.901977436759584]","[10.28395342105263, 10.677391324017732]","[13.891650871056243, 10.429805767219635]",[21.603610211042824],[14.310143779939589],[15.92731400018352]
17,3s,ignore,1,gaus_80,"[16.518558664014016, 10.334287421642985]","[10.368331542655154, 5.472798313006861]","[13.144231056790124, 6.050785818463525]","[18.974839392469395, 13.730826058081218]","[10.28395342105263, 10.677391324017732]","[13.891650871056243, 10.429805767219635]",[21.470377739324483],[14.05453005279902],[15.92731400018352]
18,3s,ignore,1,gaus_normal,"[16.518558664014016, 10.334287421642985]","[10.368331542655154, 5.472798313006861]","[13.144231056790124, 6.050785818463525]","[18.974839392469395, 13.730826058081218]","[10.28395342105263, 10.677391324017732]","[13.891650871056243, 10.429805767219635]",[21.470377739324483],[14.05453005279902],[15.92731400018352]
19,3s,ignore,1,gaus_top,"[16.518558664014016, 10.334287421642985]","[10.368331542655154, 5.472798313006861]","[13.144231056790124, 6.050785818463525]","[18.974839392469395, 13.730826058081218]","[10.28395342105263, 10.677391324017732]","[13.891650871056243, 10.429805767219635]",[21.470377739324483],[14.05453005279902],[15.92731400018352]
20,3s,ignore,3,average,"[16.9982263517017, 10.06416075004477]","[10.003810125387886, 5.226651637951288]","[12.30378293271605, 5.3383745514964]","[17.848816824583203, 11.177136891427118]","[7.558527643432904, 8.64334402916851]","[12.203078545953362, 7.291441705317992]",[19.988924735165348],[11.731409596101429],[14.439122457277387]
21,3s,ignore,3,gaus_80,"[17.625465185538587, 11.148837965833284]","[9.807785873362494, 4.8247609390676836]","[12.636874719632655, 5.938906808265209]","[18.941362152633005, 12.34970337130716]","[7.998260892587972, 9.304093639932999]","[12.065881029915367, 9.125818239863273]",[21.02791697662716],[11.689946555936814],[14.95385812400412]
22,3s,ignore,3,gaus_normal,"[17.408406289425905, 10.878760223351222]","[9.801236351233433, 4.8304946654747996]","[12.588479656959404, 5.735908608679108]","[18.687233324159873, 11.884703083596989]","[7.854175888444679, 9.175757527640108]","[12.105733994718754, 8.387575560952111]",[20.728141668364767],[11.530543240081608],[14.755631130437965]
23,3s,ignore,3,gaus_top,"[18.727855115240242, 11.252679642194423]","[10.94113170344094, 5.413856267932131]","[12.559591352160497, 5.989818774611416]","[20.013513663663666, 12.895800173015495]","[10.170959038248775, 10.605755809893937]","[12.44431622770919, 10.332826339887657]",[22.738627003217417],[13.51805173989867],[15.698201396864146]
24,3s,ignore,6,average,"[16.709443447997998, 10.248986454857956]","[9.250245631637886, 4.719450806126049]","[11.826850411882718, 5.405710097951728]","[17.211668002744123, 11.752503080169811]","[5.9405606124545605, 6.9905463927850615]","[12.441069852537725, 6.731734756514996]",[19.40933552796787],[10.43138547949535],[14.21857450139419]
25,3s,ignore,6,gaus_80,"[16.95757309278826, 11.410918588303513]","[8.522517205347649, 4.603879769365749]","[12.419333063368832, 5.948353653747741]","[17.32694892139541, 13.134962684924158]","[5.442752190870041, 6.522114494781853]","[12.827895116924784, 7.982161532183353]",[19.962319356987138],[9.78639373693713],[14.702119071875234]
26,3s,ignore,6,gaus_normal,"[16.86607484602555, 11.030718611506192]","[8.40104860693348, 4.38854913038607]","[12.217087107197221, 5.808566950876558]","[17.027669448882673, 12.442255710996363]","[5.429948238189961, 6.610885758286636]","[12.644467043104576, 7.432933339251548]",[19.67385397623598],[9.58406492792243],[14.576759701887756]
27,3s,ignore,6,gaus_top,"[16.451326444294295, 11.632376177398891]","[8.656491623673674, 5.177476087773123]","[12.827263672530865, 6.748375185165192]","[17.868187435538992, 13.981075032553731]","[7.857735167535955, 8.235543865076608]","[13.391891989026062, 10.77926741586873]",[20.786058922926134],[11.662523212024169],[15.068150197223417]
28,3s,ignore,12,average,"[16.398343201007258, 10.281750221588963]","[8.766641647632008, 3.7014498623366516]","[11.475402408179011, 5.270677496179772]","[17.092897025732633, 11.235927711166193]","[5.850441164849058, 5.761626097531923]","[11.830179775377232, 6.31621166286055]",[18.61058209197884],[9.8069807256455],[13.633988117071974]
29,3s,ignore,12,gaus_80,"[16.804689406925863, 10.844952627211757]","[7.861437213024895, 3.6582633944075234]","[12.269086223440395, 5.678433303468248]","[17.577048579305323, 12.501057058959226]","[5.173275052993865, 5.121898069329347]","[12.239185327328073, 6.9095708429836575]",[19.155678755808413],[8.984280518125544],[14.403798423973399]
30,3s,ignore,12,gaus_normal,"[16.66278184443254, 10.689771229717751]","[7.845940082214926, 3.4622337693901515]","[11.933280964503767, 5.554310236991335]","[17.437591219929015, 11.98085423699474]","[5.2164621476194695, 5.341463844315384]","[12.03963605487402, 6.493255021606226]",[18.899067705177792],[8.844262054994465],[14.083135180225913]
31,3s,ignore,12,gaus_top,"[17.224162645095095, 11.013281601237567]","[7.696182298673674, 4.374408981049566]","[13.42682892993827, 6.29468083840999]","[19.72258862534949, 15.349416024380128]","[8.063430462304405, 7.614645648556429]","[11.63912022079772, 11.738588289082498]",[21.02288651632574],[11.002955167035456],[14.789736247489003]
32,5s,penalty,1,average,"[15.409291101101104, 7.758791564069458]","[6.2917779702202195, 3.4686477262168043]","[8.322473688786008, 5.107219673478696]","[14.845815772995216, 9.837290896081292]","[6.740727929596264, 6.900065191743979]","[7.806937880658438, 8.837609699433361]",[17.694084120994013],[8.264978555555556],[9.243727587388044]
33,5s,penalty,1,gaus_80,"[14.811713448323324, 7.758996016398351]","[6.260389866053553, 3.432867130649728]","[7.155390383744855, 3.877125652799158]","[14.845815772995216, 9.837290896081292]","[6.740727929596264, 6.900065191743979]","[6.686393682539683, 4.78642879196413]",[16.981433590083373],[8.143821342193643],[7.825035098560536]
34,5s,penalty,1,gaus_normal,"[14.811713448323324, 7.758996016398351]","[6.260389866053553, 3.432867130649728]","[7.155390383744855, 3.877125652799158]","[14.845815772995216, 9.837290896081292]","[6.740727929596264, 6.900065191743979]","[6.686393682539683, 4.78642879196413]",[16.981433590083373],[8.143821342193643],[7.825035098560536]
35,5s,penalty,1,gaus_top,"[14.811713448323324, 7.758996016398351]","[6.260389866053553, 3.432867130649728]","[7.155390383744855, 3.877125652799158]","[14.845815772995216, 9.837290896081292]","[6.740727929596264, 6.900065191743979]","[6.686393682539683, 4.78642879196413]",[16.981433590083373],[8.143821342193643],[7.825035098560536]
36,5s,penalty,3,average,"[14.997511272397398, 7.096251595086742]","[5.596776993993991, 3.3249813290892245]","[8.011123448045268, 4.03791817311325]","[14.665586923780921, 10.66532624593849]","[4.919329799799798, 4.148155691133506]","[6.837689135802469, 5.130485738274843]",[16.991256773123915],[7.252863941358024],[8.678440340111353]
37,5s,penalty,3,gaus_80,"[13.818204222741548, 7.729301937088949]","[5.442376261715786, 2.8667869377948523]","[6.876300965939696, 3.3918468849997234]","[13.750426913824572, 8.297955560819494]","[4.940654795855097, 3.576333397448246]","[6.444915873384928, 3.9877100333467563]",[16.02210006687231],[7.057375721273333],[7.3506851090720335]
38,5s,penalty,3,gaus_normal,"[13.969858358984126, 7.681119484135099]","[5.324988136934891, 2.9123831831903226]","[6.8500732956367365, 3.291083034112271]","[13.86661789235092, 8.278994288144009]","[4.896747170777348, 3.6584833322894856]","[6.398055062395437, 3.8959188575177266]",[16.073130112180344],[6.966549728515261],[7.354851919350507]
39,5s,penalty,3,gaus_top,"[14.074708183558561, 7.480560031676486]","[5.987097288017185, 3.418517318981376]","[7.118292545781894, 3.757224845970598]","[13.284000372316761, 8.93932927049503]","[5.919304799799801, 3.2495541354751847]","[7.204758148148149, 7.4214571134571425]",[16.803862519221326],[8.436895309015537],[7.899260773390651]
40,5s,penalty,6,average,"[15.047695202952955, 6.584809694306738]","[5.838860253294963, 3.128845248895368]","[10.52519639711934, 4.912871802083643]","[14.782717213324437, 8.731209246103361]","[4.464425145562229, 3.4045116742629924]","[8.605546172839505, 6.417987282697253]",[17.059645549085594],[7.150994060185186],[11.319318397845558]
41,5s,penalty,6,gaus_80,"[13.924461750434027, 7.497235398390111]","[5.156472793436581, 2.603125299464748]","[7.833844620566542, 4.030085432439096]","[13.70255336200723, 8.51081907650487]","[4.61078277938452, 2.9399533791173185]","[6.7708760703683035, 4.031361913128522]",[15.9828419756799],[6.764655260634965],[8.369803970629533]
42,5s,penalty,6,gaus_normal,"[14.04510167216915, 7.525956059483133]","[5.127299937870414, 2.668119725896279]","[7.722949047576659, 3.666015703650185]","[13.878762359757502, 8.4866777679372]","[4.4821538539345, 3.106848399561111]","[6.7739505086333685, 3.78325166999093]",[15.953006235285267],[6.687866070418563],[8.215156806109281]
43,5s,penalty,6,gaus_top,"[13.702680447447449, 7.332646128055182]","[5.374057058850518, 2.9642537388889245]","[7.9467286244855995, 4.891464460555285]","[13.141650466577689, 9.317844088511658]","[6.30746660035035, 4.67720283297853]","[7.582114969135803, 6.672548151733217]",[16.742000402981912],[8.131274857857857],[9.060112703747796]
44,5s,penalty,12,average,"[15.230296577077079, 6.672779638884365]","[6.082835635239405, 2.800243162389814]","[16.672419255915635, 6.126637754478279]","[15.05319628092378, 9.646721286268466]","[4.574127941795964, 3.4412591808755493]","[12.022847569444444, 7.734917269690321]",[17.888786749162257],[7.345152536098598],[18.371814557431613]
45,5s,penalty,12,gaus_80,"[14.130520953306403, 7.997220606560168]","[5.041036954785985, 2.191398636122914]","[8.837662999575596, 5.389831332321036]","[14.011056958043994, 8.328830082683243]","[4.1863469953581465, 2.708046095287732]","[8.796136909236075, 7.474480909429456]",[16.388288686069195],[6.472829269390893],[9.739564238626192]
46,5s,penalty,12,gaus_normal,"[14.19408959993273, 7.8796362337320005]","[5.0941074344041395, 2.311781830739832]","[8.721122941810654, 4.724643704894134]","[14.156450539375854, 8.336455624882255]","[4.141533170297152, 3.1178920942804504]","[8.743233036693077, 6.316108434450012]",[16.241298399499534],[6.42317484550218],[9.608472261229142]
47,5s,penalty,12,gaus_top,"[14.09637430855856, 8.6607957639645]","[4.823833355105102, 2.6298999118671764]","[8.977093811213992, 5.841792941979674]","[14.153743101673102, 9.74373682743506]","[6.340876954037371, 4.823852462446679]","[8.733938024691358, 8.129614853317694]",[16.635660185389593],[8.204753167667667],[10.004521929435974]
48,5s,ignore,1,average,"[16.916674169669673, 10.532992189858943]","[12.27832388730397, 7.306341836546399]","[14.113933836934157, 6.5193438785077]","[18.835576574860582, 14.007745679980134]","[11.138944075325325, 10.531185427591316]","[13.866174760348585, 10.500238965126782]",[22.520089593966983],[15.9638629332666],[16.636811536431857]
49,5s,ignore,1,gaus_80,"[16.875934447447452, 10.494877953894255]","[11.573976019853186, 7.245828820914549]","[13.953197114711934, 6.534298306992427]","[18.835576574860582, 14.007745679980134]","[10.480856771989382, 10.62593829128501]","[13.866174760348585, 10.500238965126782]",[22.46055986475542],[15.280323311574515],[16.510454515150258]
50,5s,ignore,1,gaus_normal,"[16.875934447447452, 10.494877953894255]","[11.573976019853186, 7.245828820914549]","[13.953197114711934, 6.534298306992427]","[18.835576574860582, 14.007745679980134]","[10.480856771989382, 10.62593829128501]","[13.866174760348585, 10.500238965126782]",[22.46055986475542],[15.280323311574515],[16.510454515150258]
51,5s,ignore,1,gaus_top,"[16.875934447447452, 10.494877953894255]","[11.573976019853186, 7.245828820914549]","[13.953197114711934, 6.534298306992427]","[18.835576574860582, 14.007745679980134]","[10.480856771989382, 10.62593829128501]","[13.866174760348585, 10.500238965126782]",[22.46055986475542],[15.280323311574515],[16.510454515150258]
52,5s,ignore,3,average,"[17.76579930960127, 11.4765273175896]","[10.918918433850513, 5.13013295121919]","[13.729992818415637, 5.996812393614792]","[18.252928478764478, 13.700118118557981]","[7.099633426760093, 7.48508811006716]","[13.3349203909465, 9.012245610390908]",[21.018397767619998],[12.45481041041041],[15.503338703945776]
53,5s,ignore,3,gaus_80,"[18.187539007434705, 12.50797908565992]","[9.836252160692334, 5.252168791436295]","[14.192141009675971, 7.082352980018163]","[18.767145515709693, 16.64727079159947]","[6.83692858444623, 7.8987932071816]","[14.013048278765387, 11.731224753093503]",[21.631377108026978],[11.395446965368645],[16.281534546414548]
54,5s,ignore,3,gaus_normal,"[18.086809436461756, 12.163643968000189]","[9.961869019961895, 5.155420817368201]","[14.155343995534288, 6.790869571043017]","[18.676805254713017, 16.36722065591015]","[6.770824387371664, 7.8316842497301495]","[13.887407384042168, 10.945673429362502]",[21.407807390420682],[11.43937362755277],[16.10308619670234]
55,5s,ignore,3,gaus_top,"[19.02614984876543, 13.309713801703454]","[10.283378767183851, 5.773094576967477]","[14.172697799897122, 7.455942160348311]","[21.31410367538967, 14.162432067880475]","[7.967462914998332, 9.266269945887753]","[14.628578034979423, 12.307866062001189]",[24.168366037010024],[12.696265835335335],[16.929085355846045]
56,5s,ignore,6,average,"[17.669239327932097, 11.125991459687752]","[10.007644919961626, 4.40261053966735]","[12.652087667952674, 5.395479892369459]","[17.156747294437295, 12.680190780578313]","[5.498747523982316, 6.433882264970066]","[12.599136316872428, 7.100206992602366]",[20.17974167653606],[10.886565222013681],[14.615553265795208]
57,5s,ignore,6,gaus_80,"[17.945516029147555, 11.957224284615128]","[8.628463089311216, 4.777554822238904]","[13.98939190244104, 6.269690529283078]","[18.164938780793214, 13.229694662087946]","[5.28099832710672, 6.513168246748868]","[13.751060003658198, 10.541760632085081]",[20.765254507547326],[9.854523240312732],[15.92435629985718]
58,5s,ignore,6,gaus_normal,"[17.79720492342591, 11.651243277886907]","[8.75360931691477, 4.610311158433927]","[13.60872087884656, 5.878448246904528]","[17.617284098696597, 12.985123298246622]","[5.3095678358457965, 6.407816867776432]","[13.464138951111309, 9.203142954775307]",[20.384204934158454],[9.836299036356158],[15.527388163385783]
59,5s,ignore,6,gaus_top,"[16.749456684100767, 12.056813137076803]","[9.011391882298968, 6.083355581052868]","[14.434543105452677, 6.920403470913132]","[17.763716246818245, 14.186730889719415]","[8.347277688104771, 8.707511727368116]","[15.560653497942386, 12.38715587976183]",[21.559684964402496],[11.39465228595262],[16.814063620793995]
60,5s,ignore,12,average,"[16.74934324015682, 10.854957141905336]","[8.666474746350517, 3.5551491774249855]","[12.305522258230448, 5.143673584882422]","[15.9507456991992, 11.672115015154281]","[5.075972808329162, 4.37908962364654]","[11.843599650205762, 6.181118763281413]",[18.566201573170392],[9.69727146494411],[14.337130871247883]
61,5s,ignore,12,gaus_80,"[17.542384243313805, 12.043010164424885]","[7.27926633691957, 3.613329875072637]","[13.311238412210258, 5.63879588229788]","[17.101503288141366, 12.587446885330861]","[4.401395348804435, 2.8324349341800303]","[12.407253351105094, 7.925915208028924]",[19.685707554815444],[8.395653050244427],[15.19032614072188]
62,5s,ignore,12,gaus_normal,"[17.179488823384, 11.63359478040823]","[7.448122358641096, 3.494959388140065]","[12.974583376917337, 5.438768111898143]","[16.741265153291856, 11.985559282257467]","[4.542179635549207, 3.385720682301951]","[12.282626083428111, 7.199371267997924]",[19.172364711820034],[8.432091709425617],[14.915029622257398]
63,5s,ignore,12,gaus_top,"[17.92534153382549, 12.596911143520053]","[6.284793382298965, 4.649690011601053]","[13.930673672325106, 6.372372072590177]","[19.609916336908338, 16.088560896295828]","[6.707234161244578, 6.830277428870969]","[12.878553199588477, 10.97468214507722]",[21.710249440394364],[9.193092378044712],[15.113244365528931]
64,10s,penalty,1,average,"[12.744375706595484, 9.492717544169116]","[3.9634956159492845, 2.38404143446346]","[6.674730246913581, 3.1242444664133733]","[13.265726999777554, 9.018725834622018]","[4.618269592092092, 3.6253598917944467]","[5.61220537037037, 4.732836602456819]",[14.068656542320099],[5.549708879212547],[7.495230995884775]
65,10s,penalty,1,gaus_80,"[12.744375706595484, 9.492717544169116]","[3.9634956159492845, 2.38404143446346]","[6.674730246913581, 3.1242444664133733]","[13.265726999777554, 9.018725834622018]","[4.618269592092092, 3.6253598917944467]","[5.61220537037037, 4.732836602456819]",[14.068656542320099],[5.549708879212547],[7.495230995884775]
66,10s,penalty,1,gaus_normal,"[12.744375706595484, 9.492717544169116]","[3.9634956159492845, 2.38404143446346]","[6.674730246913581, 3.1242444664133733]","[13.265726999777554, 9.018725834622018]","[4.618269592092092, 3.6253598917944467]","[5.61220537037037, 4.732836602456819]",[14.068656542320099],[5.549708879212547],[7.495230995884775]
67,10s,penalty,1,gaus_top,"[12.744375706595484, 9.492717544169116]","[3.9634956159492845, 2.38404143446346]","[6.674730246913581, 3.1242444664133733]","[13.265726999777554, 9.018725834622018]","[4.618269592092092, 3.6253598917944467]","[5.61220537037037, 4.732836602456819]",[14.068656542320099],[5.549708879212547],[7.495230995884775]
68,10s,penalty,3,average,"[13.258436928817707, 9.034084309865229]","[3.8686831715048378, 2.055801883543636]","[6.358853370370369, 3.221086962917582]","[13.203992733288844, 10.443502641531811]","[2.9109048698698694, 2.6622245291280366]","[5.919742263374485, 4.385941300581986]",[13.820629524746968],[4.524384718718716],[7.044817016460906]
69,10s,penalty,3,gaus_80,"[13.116942422550144, 8.76683461442231]","[3.989252748538579, 1.9978022338962815]","[6.103628078906423, 3.3542017135466997]","[12.477510101790505, 8.360399495232397]","[3.318233036257181, 2.502797337956768]","[5.706314510399057, 4.661148982269734]",[13.538492764198484],[4.810483997777772],[6.759528144287219]
70,10s,penalty,3,gaus_normal,"[13.183898618842798, 8.812495008098267]","[3.9203042498000276, 2.0203725785880136]","[6.144097144469045, 3.295333063975071]","[12.509065516947992, 8.487143461991563]","[3.097560640212412, 2.5909113252788103]","[5.65261832558714, 4.630549452820369]",[13.589739000342664],[4.6396882515352],[6.77788579709987]
71,10s,penalty,3,gaus_top,"[12.704376706595486, 8.866240128636308]","[4.116825115949282, 2.37126707447355]","[6.174495839506173, 3.374751612113878]","[11.758019911578243, 9.223822691966943]","[4.244838821321321, 2.5634834943767255]","[5.246233724279836, 4.189943978955321]",[13.828124239684126],[5.967238202702703],[6.954174563786007]
72,10s,penalty,6,average,"[13.427321595484374, 9.049636527136657]","[3.9283113103937293, 1.9618952511264938]","[8.11016761111111, 4.027335059481772]","[12.92712648565232, 9.106197689943295]","[3.381263480980982, 2.3577153930428256]","[6.861694022633744, 4.3522982580623735]",[14.077413228450675],[4.557947443193194],[8.977855109053497]
73,10s,penalty,6,gaus_80,"[13.49989319939641, 9.24070297148708]","[3.988840681822902, 2.0388497422213736]","[8.446640088616023, 5.932509168512965]","[13.263509147703765, 9.321934426608172]","[3.7200361808543536, 2.3445932299188947]","[7.455475759433028, 6.568342212444835]",[14.086992296315666],[4.9511837456921],[9.098677005306627]
74,10s,penalty,6,gaus_normal,"[13.587738743362536, 9.136108369092739]","[3.9013240117473127, 1.9870459279492636]","[8.222817121862509, 5.289611058014449]","[13.334250079405898, 9.276128133880542]","[3.55170350395403, 2.2800351186310848]","[7.214036667723295, 6.050390795414507]",[14.134462376844539],[4.696985645177149],[8.856841468383177]
75,10s,penalty,6,gaus_top,"[13.162335820487153, 9.508279816110308]","[3.643503615949283, 2.3344103346344753]","[9.470380518518517, 7.269607275844273]","[11.767873963963963, 9.53827207020966]","[4.749864567067068, 2.221476189318619]","[8.878790370370371, 8.136021482508404]",[14.486465397619842],[5.752715704704706],[10.52034055144033]
76,10s,penalty,12,average,"[13.08424375289178, 8.316524949682112]","[4.306079643727062, 1.8431495467895895]","[13.140371070987648, 6.523184839582164]","[13.596262242659325, 9.14047413955952]","[3.596631803678678, 3.113560909163969]","[9.636933281893002, 6.038735892529917]",[14.463085935407628],[4.924301313813815],[15.240538044238685]
77,10s,penalty,12,gaus_80,"[13.365390799899776, 8.589470832375639]","[3.9468687451606304, 1.565636433274546]","[9.39420103260055, 7.209399040757542]","[12.340650495525416, 8.07884163005395]","[3.3241819507668313, 2.17946387779265]","[8.881899227403254, 8.623571100981769]",[14.130649338479415],[4.804930888244464],[10.409658687396252]
78,10s,penalty,12,gaus_normal,"[13.416873456869995, 8.568176144364456]","[4.087512948529537, 1.7395866153149993]","[9.20172228839913, 6.4075226067607565]","[12.285626924000546, 8.149389025760126]","[3.2864491042728012, 2.715601106416839]","[8.733705471478807, 7.453537090952472]",[14.086302923033571],[4.794019388571543],[10.283584671416637]
79,10s,penalty,12,gaus_top,"[12.725309709376042, 7.381184527405024]","[3.2435136159492814, 1.945321985084175]","[9.795146061728396, 7.75427480312931]","[10.019769519519519, 6.592364682586337]","[4.560980400400401, 2.4086552684735127]","[9.167946378600822, 10.173382239019574]",[14.11737812112112],[6.052688185185184],[11.133493946502059]
80,10s,ignore,1,average,"[19.050063164831496, 15.09355915599648]","[14.550418123456787, 7.143936830035137]","[16.748717074074076, 6.183612148881271]","[20.724147289511738, 14.588466638631969]","[10.272193416750083, 11.008327273812736]","[14.686052592592594, 12.924927125236048]",[24.48376411867423],[16.439077390056724],[19.15765547736626]
81,10s,ignore,1,gaus_80,"[18.463904979646312, 14.883413696357398]","[13.250908291916915, 6.202311698919259]","[16.468724074074075, 6.175568548291201]","[19.92686251001001, 16.538174582410562]","[8.527308272818273, 9.78082001842285]","[14.686052592592594, 12.924927125236048]",[23.94464172917689],[14.449229805814905],[18.90243067925442]
82,10s,ignore,1,gaus_normal,"[18.463904979646312, 14.883413696357398]","[13.250908291916915, 6.202311698919259]","[16.468724074074075, 6.175568548291201]","[19.92686251001001, 16.538174582410562]","[8.527308272818273, 9.78082001842285]","[14.686052592592594, 12.924927125236048]",[23.94464172917689],[14.449229805814905],[18.90243067925442]
83,10s,ignore,1,gaus_top,"[18.463904979646312, 14.883413696357398]","[13.250908291916915, 6.202311698919259]","[16.468724074074075, 6.175568548291201]","[19.92686251001001, 16.538174582410562]","[8.527308272818273, 9.78082001842285]","[14.686052592592594, 12.924927125236048]",[23.94464172917689],[14.449229805814905],[18.90243067925442]
84,10s,ignore,3,average,"[18.170085164831494, 11.480171447635728]","[11.872927504838167, 5.111392769576557]","[15.607017222222222, 5.167275886228449]","[17.44363760149038, 13.820603775793087]","[7.510723138138136, 7.624873295628187]","[13.901710061728396, 9.608769846820746]",[20.72545671438105],[12.572454004671334],[16.76682361728395]
85,10s,ignore,3,gaus_80,"[18.291556223276316, 12.26315703182429]","[9.718559342433947, 4.895060595167836]","[16.816051269675583, 7.348368815803027]","[15.625526277130518, 15.001312709658265]","[7.742346061455048, 6.315413377160262]","[14.411052780434577, 11.973323999648992]",[20.76900462664087],[10.67683180242604],[18.209032452839864]
86,10s,ignore,3,gaus_normal,"[17.978962557949203, 12.04687049088916]","[9.888759608326833, 4.911460799917341]","[16.66504301622508, 6.737911751440125]","[16.026232763218545, 14.660075720126363]","[7.5697257973941605, 6.408174999294528]","[14.322070152470282, 11.53348946803386]",[20.503593465280737],[10.631779550947446],[17.818144846402554]
87,10s,ignore,3,gaus_top,"[20.31553851562674, 12.544761118630374]","[9.114477949282616, 6.746936724856374]","[16.14757983950618, 7.336641352239393]","[18.757185008897792, 16.65923451465583]","[7.107429917417417, 6.236238770924969]","[14.484411543209879, 13.368246362253569]",[23.179127621844067],[10.824429638304974],[18.46324211111111]
88,10s,ignore,6,average,"[17.427140775942608, 10.631372887856866]","[10.698882782615946, 4.502677961015917]","[14.664077833333335, 4.946926601149587]","[16.37699760149038, 13.960267295276163]","[5.848229944527861, 7.188674863524133]","[12.316564506172842, 7.063895596459059]",[19.34154069586253],[11.201457249416084],[15.910795635802472]
89,10s,ignore,6,gaus_80,"[17.872442848641946, 11.972420785035077]","[8.077049016538453, 4.491132160127224]","[15.300866455460087, 6.296039418705056]","[16.712946830150525, 14.965164723177974]","[5.411013799883464, 6.538795421038256]","[12.474516971795587, 9.93786117688593]",[20.104028120224843],[8.956145870514693],[16.49740788315578]
90,10s,ignore,6,gaus_normal,"[17.510537152513407, 11.483751619381673]","[8.673310177060221, 4.181811581499217]","[15.24508944400081, 5.83185768300181]","[16.032588233124844, 14.669905112802633]","[5.440309155700309, 6.992767307192071]","[12.468701986466073, 8.682942886216725]",[19.43189482257212],[9.272838848727204],[16.465825666685486]
91,10s,ignore,6,gaus_top,"[18.632295831498165, 12.292097268519733]","[6.74394662345679, 4.336653752035807]","[15.22908428395062, 7.653513545189477]","[16.712791675564453, 16.424718925630618]","[5.047721651651652, 7.114938008951933]","[13.669617098765434, 13.761148887890139]",[22.253032063507952],[9.241746483650317],[16.774285707818933]
92,10s,ignore,12,average,"[16.659258738905574, 10.238331273864471]","[9.813534546504842, 3.335559276436068]","[13.970967589506172, 5.114196019168783]","[15.802937879268159, 12.847532226159917]","[5.766750500083416, 5.266695047284086]","[11.752381080246915, 6.359403518903003]",[17.844047269936603],[10.314330612654322],[15.276860867283952]
93,10s,ignore,12,gaus_80,"[17.028496980756046, 11.988313726773894]","[6.914856474220321, 3.0739638516921417]","[14.975539959121566, 6.091030521985035]","[15.82005582718756, 14.950179711836487]","[4.495829104185025, 3.718789063176164]","[11.721837901949083, 8.103693619580415]",[18.63869517988632],[7.661566055105927],[16.166847979844977]
94,10s,ignore,12,gaus_normal,"[16.867967489435635, 11.141260905658608]","[7.660079526705019, 2.921023154601346]","[14.71746245474908, 5.7354755139128955]","[15.406148026382258, 14.195566276253585]","[4.743287083351006, 3.970918320421268]","[11.864503983594458, 7.442455512104778]",[18.064897942307603],[8.16366190784993],[15.937533361385803]
95,10s,ignore,12,gaus_top,"[19.596716164831502, 14.517752898650162]","[5.3834601159492825, 3.343339000305003]","[14.680949839506175, 8.914244176580766]","[18.06734943943944, 15.843273723996992]","[6.55489117867868, 6.610323095249372]","[12.122330679012343, 12.21142913249726]",[23.212416375486598],[8.665758214381048],[16.43487032510288]
