,path_len,threshold,dt,mis_val,knn,loc_method,path1_av,path2_av,path3_av,path_av_av,path1_b,path2_b,path3_b,path_b_av,path1_av_i,path2_av_i,path3_av_i,path3_av_i_av,path2_av_mean,path2_av_std
377,long_path,lp2,10s,ignore,6,gaus_80,"[13.24775378980064, 8.712157894674167]","[2.064454765399837, 1.064501093789357]","[7.589838702127908, 2.0967064744856176]",7.634015752442795,"[12.70113498280137, 10.349017512560811]","[2.4017718023228563, 1.526812594496591]","[7.061683581152654, 3.9004800057771565]",7.38819678875896,[13.549140998935627],[2.880231697437092],[8.620837262085733],8.350069986152818,2.064454765399837,1.064501093789357
378,long_path,lp2,10s,ignore,6,gaus_normal,"[13.30944767065909, 8.57942927767492]","[2.1060798118008166, 1.0405670806320586]","[7.680526230411342, 2.1479639304250444]",7.698684570957082,"[12.70008080400403, 10.08889766717301]","[2.066505188347634, 1.307936284077169]","[7.056963398365671, 3.7324500308955684]",7.274516463572444,[13.554064646896489],[2.7298802022722564],[8.65647288234967],8.313472577172805,2.1060798118008166,1.0405670806320586
373,long_path,lp2,10s,ignore,3,gaus_80,"[13.621194085338558, 8.516897336093392]","[2.155645579973955, 1.0943637730845628]","[7.388947503584449, 2.8600293673898722]",7.721929056298987,"[13.10202310455372, 9.953711378217049]","[2.3386181893357336, 1.3069375112613169]","[6.434082507980333, 3.933776760030149]",7.291574600623261,[13.861968474431867],[3.27764398284186],[8.544713587460683],8.56144201491147,2.155645579973955,1.0943637730845628
376,long_path,lp2,10s,ignore,6,average,"[13.37942155844734, 8.561429704902572]","[2.1687256715048413, 1.1129635762865269]","[7.725321265432097, 2.1046002041524323]",7.757822831794759,"[12.73196953620287, 9.850786768102397]","[1.7988038776276276, 1.2042799447444663]","[6.983227335390946, 3.0454510229837766]",7.171333583073815,[13.567603559003448],[2.581236768768769],[8.722662586419755],8.290500971397323,2.1687256715048413,1.1129635762865269
374,long_path,lp2,10s,ignore,3,gaus_normal,"[13.749728857952517, 8.514625672315418]","[2.173191058014448, 1.1397286706850696]","[7.584433711270809, 2.8620694802401467]",7.835784542412591,"[13.197140972476495, 8.58929020799702]","[2.4055573749813086, 1.3783591034392808]","[6.252032555055013, 4.01915337453222]",7.284910300837605,[13.956419595785226],[3.107722291276746],[8.614394268589276],8.559512051883749,2.173191058014448,1.1397286706850696
372,long_path,lp2,10s,ignore,3,average,"[13.801633225114, 8.532395372301389]","[2.302055671504839, 1.2465162625210007]","[7.803097098765431, 2.835146000400313]",7.9689286651280895,"[13.075170832499166, 9.94768058965919]","[2.3920322897897903, 1.5305272050107712]","[6.407247222222224, 3.7768093736695487]",7.291483448170394,[13.983027867089314],[2.890393759926593],[8.801700390946502],8.558374005987469,2.302055671504839,1.2465162625210007
375,long_path,lp2,10s,ignore,3,gaus_top,"[13.544355706595486, 9.24162401283745]","[2.3168701159492833, 1.1398982009356915]","[7.270764728395063, 2.912689145511161]",7.710663516979944,"[13.36042674174174, 8.52171654717563]","[3.692199984984985, 2.4851588476377064]","[5.389165679012345, 3.936622684102136]",7.480597468579691,[14.311524455566678],[4.621121261428096],[9.373208736625514],9.435284817873429,2.3168701159492833,1.1398982009356915
379,long_path,lp2,10s,ignore,6,gaus_top,"[14.009529262151041, 9.322684850566393]","[2.4084994567901234, 1.1831230536172845]","[7.044103728395062, 3.4994980764839285]",7.820710815778742,"[13.819674519519518, 10.910273137826366]","[4.067565975975976, 1.5392551479766652]","[6.536462098765431, 4.686423717597571]",8.141234198086975,[14.859712285396506],[4.646966461127794],[9.047126353909466],9.517935033477922,2.4084994567901234,1.1831230536172845
368,long_path,lp2,10s,ignore,1,average,"[13.184364706595487, 8.161930706309905]","[2.454644449282616, 1.5555690071470203]","[7.775937283950619, 2.5610906836986294]",7.804982146609574,"[12.680030005005005, 9.856328252419898]","[3.6945800834167497, 2.076924730908542]","[6.520001604938271, 4.905433188522682]",7.631537231120009,[13.716575476921367],[4.349830079245914],[9.00334144032922],9.023248998832168,2.454644449282616,1.5555690071470203
380,long_path,lp2,10s,ignore,12,average,"[13.607687456595487, 8.124978608192679]","[2.553345685393725, 1.2081738111380274]","[8.104200682098766, 2.211273413705724]",8.088411274695993,"[13.62029678803804, 7.970032897803577]","[2.247394041750083, 1.1872923910993467]","[7.751795226337446, 2.546195615440535]",7.873162018708522,[13.891364048187077],[3.008797539831498],[9.010652643004114],8.636938077007564,2.553345685393725,1.2081738111380274
382,long_path,lp2,10s,ignore,12,gaus_normal,"[13.364559042699154, 8.18204582697757]","[2.595528795951269, 1.0478447254315029]","[8.096894357771697, 2.180895355547864]",8.01899406547404,"[13.006078379763641, 7.360911550972804]","[2.4524526039464782, 0.9775981760161017]","[7.834523742991768, 3.1658918202993704]",7.764351575567296,[13.75909277084789],[3.1709561903241332],[9.147403618512076],8.692484193228033,2.595528795951269,1.0478447254315029
381,long_path,lp2,10s,ignore,12,gaus_80,"[13.147872957675418, 8.372718503539325]","[2.6394096614446925, 0.9344088892405763]","[8.02326660045543, 2.2241423635659077]",7.936849739858514,"[12.633114474498772, 7.313916398018624]","[2.5634435079810314, 1.2251640166670585]","[7.6413760940687485, 3.592725219700618]",7.61264469218285,[13.65081383124873],[3.4321914282154515],[9.043762460268509],8.70892257324423,2.6394096614446925,0.9344088892405763
340,long_path,lp2,5s,ignore,3,average,"[14.080210770937605, 8.675498981294586]","[2.6955715813313312, 1.7466320984598454]","[7.810133959876542, 2.8155444560468292]",8.195305437381826,"[13.662410071738405, 9.129037288847954]","[2.3654841825158504, 1.8228458408995247]","[7.816402664609053, 4.80577361791239]",7.948098972954437,[14.79330065413032],[3.458572192192192],[9.292781472766883],9.181551439696465,2.6955715813313312,1.7466320984598454
342,long_path,lp2,5s,ignore,3,gaus_normal,"[13.991330993178103, 9.088686370256475]","[2.7067587996160807, 1.5963763030477096]","[7.612467604422026, 2.8071908402153665]",8.103519132405404,"[13.685540922417818, 8.965662426427334]","[2.464343534454851, 1.570469301367617]","[7.65601364833441, 4.751287003261957]",7.935299368402359,[14.796149475125327],[3.603688069009672],[9.066206140504908],9.155347894879968,2.7067587996160807,1.5963763030477096
343,long_path,lp2,5s,ignore,3,gaus_top,"[14.190715182098765, 9.431357411729818]","[2.7463110535535527, 1.3752735142030004]","[7.192803714506174, 2.9717006902454397]",8.04327665005283,"[14.088325349516182, 9.477621282554894]","[4.091650570153487, 1.6347136866902268]","[7.734923220164609, 5.334806326774401]",8.638299713278093,[15.446704024057391],[5.0143146345512175],[9.401809651537159],9.954276103381922,2.7463110535535527,1.3752735142030004
341,long_path,lp2,5s,ignore,3,gaus_80,"[13.87097097881986, 9.227133095165009]","[2.7525265099611738, 1.5753261930358566]","[7.508083158478306, 2.901163438155039]",8.043860215753114,"[13.681611442244945, 8.933182537848047]","[2.6102339795351743, 1.5497572166228062]","[7.6064676654190135, 4.670580418332752]",7.966104362399712,[14.740980782304934],[3.7611949649135283],[9.001760465050136],9.167978737422866,2.7525265099611738,1.5753261930358566
345,long_path,lp2,5s,ignore,6,gaus_80,"[13.248547822669172, 8.915767573612444]","[2.7699391985665827, 1.5197312117931607]","[8.050979004292918, 2.503354877461428]",8.023155341842893,"[13.273503851141138, 10.243313646390389]","[2.5020660246825215, 1.8615581045656133]","[7.956718384537265, 5.277636419304221]",7.910762753453642,[14.014464084805983],[3.6592059882372516],[9.35753812281167],9.010402731951634,2.7699391985665827,1.5197312117931607
344,long_path,lp2,5s,ignore,6,average,"[13.590963743159827, 8.4109482747068]","[2.804457747997997, 1.599474369523339]","[8.086251885288068, 2.622842396137099]",8.160557792148632,"[13.839488123981123, 9.463605551268664]","[2.399534048631965, 2.022759708451247]","[8.06975709876543, 4.240188304667838]",8.10292642379284,[14.38710569409012],[3.3078385565565567],[9.398018896635197],9.030987715760626,2.804457747997997,1.599474369523339
346,long_path,lp2,5s,ignore,6,gaus_normal,"[13.386746785926498, 8.660115566076572]","[2.8148815253107156, 1.5550527444672484]","[8.051409781014566, 2.5603996587713507]",8.084346030750593,"[13.609542822667024, 10.136633447176319]","[2.324395409805992, 1.9482246250010562]","[7.920361301053027, 4.839867901064641]",7.951433177842014,[14.167698893902005],[3.4631310206259824],[9.365015913313139],8.99861527594704,2.8148815253107156,1.5550527444672484
336,long_path,lp2,5s,ignore,1,average,"[14.381055768810477, 9.072679228933296]","[3.001656688438439, 1.964847937712163]","[7.665754853395064, 3.0651445173020737]",8.349489103547993,"[14.24167645788646, 9.774520933665368]","[4.632322182599265, 2.6636899598803407]","[7.77195933127572, 6.172811726982649]",8.881985990587149,[15.594207398999],[5.03151696279613],[9.59814783986928],10.07462406722147,3.001656688438439,1.964847937712163
350,long_path,lp2,5s,ignore,12,gaus_normal,"[13.562053857508676, 8.340416300033556]","[3.0696765711884417, 1.2563784561662317]","[8.245990775068236, 2.621697431616795]",8.292573734588451,"[13.590035270101064, 10.723326897219343]","[2.423547668170308, 1.454456055285964]","[8.444888429404507, 4.393623650994329]",8.152823789225293,[14.277814212996125],[3.73559578519919],[9.571116478080327],9.194842158758547,3.0696765711884417,1.2563784561662317
349,long_path,lp2,5s,ignore,12,gaus_80,"[13.362991997065322, 8.588808852330978]","[3.083721348333668, 1.1155375054481544]","[8.171139074950172, 2.64954059269931]",8.205950806783054,"[13.529042817634972, 10.782218570511766]","[2.5435559557791283, 1.2875481669816586]","[8.376844661061309, 4.759564158008076]",8.14981447815847,[14.168543770024474],[4.061154062268093],[9.479479012855645],9.23639228171607,3.083721348333668,1.1155375054481544
313,long_path,lp2,3s,ignore,6,gaus_80,"[13.706795317896223, 8.897713359969472]","[3.1704671166590828, 1.9836203680788405]","[8.531882954989968, 3.620848305538527]",8.469715129848424,"[14.413118994336624, 9.71447423876075]","[3.235797275330588, 3.270068054942454]","[8.79473631851722, 5.275303948801137]",8.814550862728144,[15.118963763291251],[4.340590617800954],[10.138574618422322],9.866042999838175,3.1704671166590828,1.9836203680788405
351,long_path,lp2,5s,ignore,12,gaus_top,"[13.445720460752419, 8.80119169456865]","[3.1796335535535536, 1.3407118560909983]","[9.041166283436214, 3.909335253497275]",8.555506765914062,"[13.677412000572001, 10.795463206941408]","[3.8638784868201537, 1.4673950680293268]","[8.442998796296298, 5.060262134954352]",8.661429761229483,[15.117348142722088],[5.7805951100266935],[10.833845180343744],10.577262811030842,3.1796335535535536,1.3407118560909983
308,long_path,lp2,3s,ignore,3,average,"[14.39123447107107, 8.49330094715284]","[3.18503732235986, 2.0407242868839255]","[8.490631350308643, 3.366836129722142]",8.688967714579858,"[13.882094000724864, 9.834031066169125]","[3.5875112442442445, 2.7622010773626324]","[8.707854472934473, 5.149618483277323]",8.72581990596786,[15.64369683772179],[4.2301347598065675],[10.070931105744606],9.981587567757655,3.18503732235986,2.0407242868839255
312,long_path,lp2,3s,ignore,6,average,"[13.900240573385885, 8.488776267134416]","[3.1932010321759265, 2.1291533262472244]","[8.57453048734568, 3.3316678199919734]",8.55599069763583,"[14.295876759345553, 9.612214755423699]","[2.782681603445552, 3.024471692807669]","[8.756523721509971, 3.9125897149555753]",8.61169402810036,[15.21183559476815],[4.047637126508391],[10.117611833367437],9.79236151821466,3.1932010321759265,2.1291533262472244
314,long_path,lp2,3s,ignore,6,gaus_normal,"[13.727151422473487, 8.700790711064718]","[3.194810709114381, 2.003917971667068]","[8.566769196700639, 3.565692241988357]",8.49624377609617,"[14.293181847150498, 9.548314607166951]","[2.966470928527443, 3.121256760453802]","[8.890212921621469, 4.987280122381207]",8.716621899099804,[15.083596992599988],[4.160353505790395],[10.159775807243694],9.801242101878026,3.194810709114381,2.003917971667068
348,long_path,lp2,5s,ignore,12,average,"[13.85160537510427, 7.997115561836223]","[3.2002811854979973, 1.3722225917516884]","[8.237282060056582, 2.550879110773388]",8.429722873552949,"[13.822008276470918, 8.261827870554166]","[2.554172324720553, 1.548619165444768]","[8.308674308127571, 3.8236942925093413]",8.228284969773014,[14.550106909963137],[3.6650076384509505],[9.55021996523239],9.255111504548829,3.2002811854979973,1.3722225917516884
309,long_path,lp2,3s,ignore,3,gaus_80,"[14.327852114904237, 8.729250766114301]","[3.2065662903033614, 2.02252784482527]","[8.335861322763519, 3.719736772121534]",8.623426575990372,"[14.206268602863014, 9.621668451952269]","[3.762865819914592, 2.876563806323486]","[8.709382854542906, 6.546906645402958]",8.892839092440171,[15.689436388866246],[4.570453372327309],[10.037477950541051],10.099122570578205,3.2065662903033614,2.02252784482527
310,long_path,lp2,3s,ignore,3,gaus_normal,"[14.325342310877721, 8.613437848877842]","[3.20708006084928, 2.046872750791857]","[8.431867198997573, 3.5995296135053767]",8.654763190241525,"[14.162094974311888, 9.664892186765176]","[3.7005681496326104, 2.87314666059248]","[8.782297587854336, 6.184399283815141]",8.88165357059961,[15.649420957437986],[4.434700141203835],[10.048000700702577],10.044040599781466,3.20708006084928,2.046872750791857
383,long_path,lp2,10s,ignore,12,gaus_top,"[14.070783060171282, 9.030694073339312]","[3.230701123456791, 1.8716645928637268]","[7.498907172839505, 2.9741574615911444]",8.266797118822526,"[12.382673408408408, 9.407538241514056]","[4.2465738463463465, 1.546551868690692]","[7.308733600823045, 6.048033323789752]",7.979326951859266,[15.077085711266822],[5.151164733400067],[9.789878703703703],10.006043049456864,3.230701123456791,1.8716645928637268
367,long_path,lp2,10s,penalty,12,gaus_top,"[12.725309709376042, 7.381184527405024]","[3.2435136159492814, 1.945321985084175]","[9.795146061728396, 7.75427480312931]",8.587989795684573,"[10.019769519519519, 6.592364682586337]","[4.560980400400401, 2.4086552684735127]","[9.167946378600822, 10.173382239019574]",7.916232099506914,[14.11737812112112],[6.052688185185184],[11.133493946502059],10.434520084269453,3.2435136159492814,1.945321985084175
311,long_path,lp2,3s,ignore,3,gaus_top,"[14.593686199774776, 8.72984981088061]","[3.3470923299424427, 2.597581685403024]","[8.409040797530865, 3.9512447606294376]",8.783273109082694,"[15.469579769079427, 10.411618642794652]","[5.136011069319319, 3.475287244057775]","[9.338221042524006, 7.270995318785953]",9.98127062697425,[16.43614076998322],[5.961078692756859],[10.70091658915412],11.032712017298064,3.3470923299424427,2.597581685403024
347,long_path,lp2,5s,ignore,6,gaus_top,"[13.359995209876542, 9.125228201994094]","[3.359629053553553, 1.9636908736472865]","[8.152855158436214, 3.505808344673496]",8.290826473955436,"[13.665735536369702, 9.231728429330026]","[4.108316820153487, 1.4594392599947905]","[7.8626292181069966, 6.9421722530563095]",8.545560524876729,[14.812104575713807],[5.785593316733399],[10.252770382958122],10.28348942513511,3.359629053553553,1.9636908736472865
317,long_path,lp2,3s,ignore,12,gaus_80,"[13.645289309325875, 8.616868803916748]","[3.3614872028965435, 1.8442855273481817]","[8.59545196503058, 3.7485031000975697]",8.534076159084334,"[14.247855396981732, 9.161090590205982]","[3.6538037016487395, 2.311423931694603]","[8.74577144482387, 4.6503834384393885]",8.882476847818113,[14.935296457165723],[4.660434264153919],[10.326753005995831],9.974161242438491,3.3614872028965435,1.8442855273481817
318,long_path,lp2,3s,ignore,12,gaus_normal,"[13.745341580505555, 8.4267965525016]","[3.367295323855971, 1.918322130848686]","[8.568228713786374, 3.6687433493148416]",8.560288539382633,"[14.22823590458946, 9.144934378229998]","[3.562291011413104, 2.2513584864220055]","[8.741467445812017, 4.1382237302181]",8.84399812060486,[14.959678914314747],[4.421132363607422],[10.240490514188128],9.873767264036768,3.367295323855971,1.918322130848686
316,long_path,lp2,3s,ignore,12,average,"[13.826566489358108, 8.140262583873474]","[3.4906810824762244, 2.0426839101364536]","[8.69149361257716, 3.4187016509762715]",8.66958039480383,"[14.332082750724865, 9.395693965394553]","[3.380912261340287, 2.611599284866908]","[8.858752884615384, 3.588648571413313]",8.857249298893512,[15.087865730309403],[4.404479209408852],[10.121463401114635],9.871269446944297,3.4906810824762244,2.0426839101364536
453,long_path,lp2_n85,10s,penalty,3,gaus_80,"[13.361292503908306, 9.310617656310036]","[3.632961532025132, 1.9706518302834595]","[6.91756923673663, 3.214722121794054]",7.970607757556689,"[12.485842006880564, 10.245370714796902]","[2.6414937769061093, 1.3156988678321702]","[6.953614591530394, 3.6515874730814866]",7.360316791772355,[13.823031726961895],[4.412839169517051],[8.11013979109825],8.782003562525732,3.632961532025132,1.9706518302834595
304,long_path,lp2,3s,ignore,1,average,"[14.592734938938941, 8.343641272281724]","[3.6364809909409415, 2.8621160159705976]","[8.597443494753088, 4.201289931279351]",8.942219808210991,"[13.702946914155536, 9.333812077701777]","[4.432932743796429, 4.1776942022078005]","[8.21489433760684, 7.762790540585687]",8.783591331852934,[16.25807550321292],[5.528091530965852],[10.665700355975762],10.817289130051511,3.6364809909409415,2.8621160159705976
363,long_path,lp2,10s,penalty,6,gaus_top,"[13.162335820487153, 9.508279816110308]","[3.643503615949283, 2.3344103346344753]","[9.470380518518517, 7.269607275844273]",8.758739984984985,"[11.767873963963963, 9.53827207020966]","[4.749864567067068, 2.221476189318619]","[8.878790370370371, 8.136021482508404]",8.465509633800467,[14.486465397619842],[5.752715704704706],[10.52034055144033],10.253173884588293,3.643503615949283,2.3344103346344753
452,long_path,lp2_n85,10s,penalty,3,average,"[13.59737480892003, 9.745038576410561]","[3.6962839669669694, 1.9790464109948533]","[7.43685111111111, 4.065852279113514]",8.243503295666036,"[12.624687155488822, 10.73003117630091]","[3.1202200684017356, 1.7702648421035405]","[7.008055246913579, 4.545858329704628]",7.584320823601378,[13.999464634078521],[4.473330495161828],[8.445385567901235],8.972726899047196,3.6962839669669694,1.9790464109948533
454,long_path,lp2_n85,10s,penalty,3,gaus_normal,"[13.452476766740439, 9.459645572843064]","[3.709226269440609, 1.9261466572815844]","[6.905248093723744, 3.390154382660749]",8.022317043301598,"[12.581823924582388, 10.387754716338964]","[2.8011999341083254, 1.3959515218609138]","[6.872161174318733, 3.9598520904693837]",7.418395011003149,[13.882707423715823],[4.4398564967992495],[7.987721761645739],8.770095227386937,3.709226269440609,1.9261466572815844
315,long_path,lp2,3s,ignore,6,gaus_top,"[13.723707949774772, 8.709379175270318]","[3.83453593267017, 2.468311837924215]","[8.968360147530866, 4.546845517085609]",8.84220134332527,"[14.77876185430714, 10.561804402397852]","[5.481928347097097, 3.3375458899853854]","[8.413559836182339, 7.012748046813396]",9.558083345862192,[15.49403228015898],[6.800077894424655],[10.862669952348668],11.052260042310769,3.83453593267017,2.468311837924215
356,long_path,lp2,10s,penalty,3,average,"[13.258436928817707, 9.034084309865229]","[3.8686831715048378, 2.055801883543636]","[6.358853370370369, 3.221086962917582]",7.828657823564304,"[13.203992733288844, 10.443502641531811]","[2.9109048698698694, 2.6622245291280366]","[5.919742263374485, 4.385941300581986]",7.3448799555110655,[13.820629524746968],[4.524384718718716],[7.044817016460906],8.463277086642195,3.8686831715048378,2.055801883543636
362,long_path,lp2,10s,penalty,6,gaus_normal,"[13.587738743362536, 9.136108369092739]","[3.9013240117473127, 1.9870459279492636]","[8.222817121862509, 5.289611058014449]",8.570626625657452,"[13.334250079405898, 9.276128133880542]","[3.55170350395403, 2.2800351186310848]","[7.214036667723295, 6.050390795414507]",8.033330083694407,[14.134462376844539],[4.696985645177149],[8.856841468383177],9.229429830134956,3.9013240117473127,1.9870459279492636
358,long_path,lp2,10s,penalty,3,gaus_normal,"[13.183898618842798, 8.812495008098267]","[3.9203042498000276, 2.0203725785880136]","[6.144097144469045, 3.295333063975071]",7.749433337703958,"[12.509065516947992, 8.487143461991563]","[3.097560640212412, 2.5909113252788103]","[5.65261832558714, 4.630549452820369]",7.086414827582515,[13.589739000342664],[4.6396882515352],[6.77788579709987],8.335771016325912,3.9203042498000276,2.0203725785880136
360,long_path,lp2,10s,penalty,6,average,"[13.427321595484374, 9.049636527136657]","[3.9283113103937293, 1.9618952511264938]","[8.11016761111111, 4.027335059481772]",8.488600172329738,"[12.92712648565232, 9.106197689943295]","[3.381263480980982, 2.3577153930428256]","[6.861694022633744, 4.3522982580623735]",7.72336132975568,[14.077413228450675],[4.557947443193194],[8.977855109053497],9.204405260232456,3.9283113103937293,1.9618952511264938
365,long_path,lp2,10s,penalty,12,gaus_80,"[13.365390799899776, 8.589470832375639]","[3.9468687451606304, 1.565636433274546]","[9.39420103260055, 7.209399040757542]",8.902153525886986,"[12.340650495525416, 8.07884163005395]","[3.3241819507668313, 2.17946387779265]","[8.881899227403254, 8.623571100981769]",8.182243891231835,[14.130649338479415],[4.804930888244464],[10.409658687396252],9.78174630470671,3.9468687451606304,1.565636433274546
352,long_path,lp2,10s,penalty,1,average,"[12.744375706595484, 9.492717544169116]","[3.9634956159492845, 2.38404143446346]","[6.674730246913581, 3.1242444664133733]",7.794200523152784,"[13.265726999777554, 9.018725834622018]","[4.618269592092092, 3.6253598917944467]","[5.61220537037037, 4.732836602456819]",7.832067320746671,[14.068656542320099],[5.549708879212547],[7.495230995884775],9.037865472472474,3.9634956159492845,2.38404143446346
361,long_path,lp2,10s,penalty,6,gaus_80,"[13.49989319939641, 9.24070297148708]","[3.988840681822902, 2.0388497422213736]","[8.446640088616023, 5.932509168512965]",8.645124656611777,"[13.263509147703765, 9.321934426608172]","[3.7200361808543536, 2.3445932299188947]","[7.455475759433028, 6.568342212444835]",8.146340362663716,[14.086992296315666],[4.9511837456921],[9.098677005306627],9.378951015771465,3.988840681822902,2.0388497422213736
357,long_path,lp2,10s,penalty,3,gaus_80,"[13.116942422550144, 8.76683461442231]","[3.989252748538579, 1.9978022338962815]","[6.103628078906423, 3.3542017135466997]",7.736607749998382,"[12.477510101790505, 8.360399495232397]","[3.318233036257181, 2.502797337956768]","[5.706314510399057, 4.661148982269734]",7.167352549482248,[13.538492764198484],[4.810483997777772],[6.759528144287219],8.369501635421159,3.989252748538579,1.9978022338962815
458,long_path,lp2_n85,10s,penalty,6,gaus_normal,"[13.731331822273212, 8.798946225982535]","[4.031494980998864, 2.0630868589222287]","[7.066405279788805, 3.208314179365575]",8.276410694353627,"[12.583485720351728, 9.11720106207771]","[2.873293574835929, 2.0138889651090124]","[7.555958042134573, 4.288392943805892]",7.670912445774076,[13.971864807198369],[4.491980415979734],[8.452187759287078],8.972010994155061,4.031494980998864,2.0630868589222287
456,long_path,lp2_n85,10s,penalty,6,average,"[13.872923475586699, 8.910575210432617]","[4.071459772522523, 2.087607129397344]","[7.711000635802468, 3.6321081503369435]",8.551794627970564,"[12.521597751918588, 9.120493523085951]","[3.307252429512847, 2.7841546376918713]","[8.07387222222222, 4.043730540503778]",7.967574134551218,[14.154397920031144],[4.5522174118284955],[9.264322569958846],9.323645967272828,4.071459772522523,2.087607129397344
459,long_path,lp2_n85,10s,penalty,6,gaus_top,"[13.383552994105218, 8.501849167293628]","[4.074793022522521, 1.6301415330067144]","[7.419773348765432, 3.1258962273468183]",8.292706455131057,"[11.591679948281616, 10.02890455238423]","[4.816618542709376, 2.1684162782708896]","[7.466189520697167, 4.523204636371829]",7.958162670562721,[14.033695046602158],[6.045171967801134],[9.44469892060034],9.84118864500121,4.074793022522521,1.6301415330067144
455,long_path,lp2_n85,10s,penalty,3,gaus_top,"[13.235408549660773, 8.482501347103334]","[4.079237355855855, 1.5665892909168655]","[7.167927793209876, 3.291067617631394]",8.160857899575502,"[11.165086231231234, 9.850477360135184]","[3.449986042709376, 2.050120107309358]","[6.877968932461874, 3.9122825935545045]",7.164347068800828,[13.867998673784896],[5.72578055338672],[8.581888247397725],9.39188915818978,4.079237355855855,1.5665892909168655
448,long_path,lp2_n85,10s,penalty,1,average,"[13.706507882994106, 10.872940059545845]","[4.0859038558558565, 1.2736548831574732]","[7.3761118888888895, 5.0678586171835915]",8.389507875912951,"[13.927980120120118, 12.250613867458434]","[5.15232364114114, 2.7088844750367143]","[7.149889835390947, 5.502462883788874]",8.743397865550735,[14.451305189634079],[5.583541867200534],[8.833030197530864],9.62262575145516,4.0859038558558565,1.2736548831574732
366,long_path,lp2,10s,penalty,12,gaus_normal,"[13.416873456869995, 8.568176144364456]","[4.087512948529537, 1.7395866153149993]","[9.20172228839913, 6.4075226067607565]",8.902036231266221,"[12.285626924000546, 8.149389025760126]","[3.2864491042728012, 2.715601106416839]","[8.733705471478807, 7.453537090952472]",8.101927166584051,[14.086302923033571],[4.794019388571543],[10.283584671416637],9.721302327673916,4.087512948529537,1.7395866153149993
359,long_path,lp2,10s,penalty,3,gaus_top,"[12.704376706595486, 8.866240128636308]","[4.116825115949282, 2.37126707447355]","[6.174495839506173, 3.374751612113878]",7.665232554016981,"[11.758019911578243, 9.223822691966943]","[4.244838821321321, 2.5634834943767255]","[5.246233724279836, 4.189943978955321]",7.0830308190598,[13.828124239684126],[5.967238202702703],[6.954174563786007],8.916512335390946,4.116825115949282,2.37126707447355
463,long_path,lp2_n85,10s,penalty,12,gaus_top,"[13.745025438549662, 6.35474787290775]","[4.194790022522523, 1.7792244114443514]","[7.760505570987655, 3.0266750383177916]",8.56677367735328,"[12.757060667333999, 10.050160750530681]","[5.134673098098097, 2.8722525793417613]","[8.292603137254902, 5.436362144956344]",8.728112300895667,[14.570286384384385],[5.989588884050717],[9.893815425804888],10.151230231413331,4.194790022522523,1.7792244114443514
457,long_path,lp2_n85,10s,penalty,6,gaus_80,"[13.657009807999007, 8.835890807256261]","[4.212353550983036, 2.1523519514990723]","[6.994701907063, 3.101382996667226]",8.288021755348348,"[12.484642615731921, 9.185932360717075]","[2.707865810687443, 1.6658603921912263]","[7.42007815538964, 4.303962354040636]",7.537528860603001,[13.890220882515512],[4.74105392771776],[8.456317489106928],9.0291974331134,4.212353550983036,2.1523519514990723
364,long_path,lp2,10s,penalty,12,average,"[13.08424375289178, 8.316524949682112]","[4.306079643727062, 1.8431495467895895]","[13.140371070987648, 6.523184839582164]",10.17689815586883,"[13.596262242659325, 9.14047413955952]","[3.596631803678678, 3.113560909163969]","[9.636933281893002, 6.038735892529917]",8.943275776077002,[14.463085935407628],[4.924301313813815],[15.240538044238685],11.54264176448671,4.306079643727062,1.8431495467895895
319,long_path,lp2,3s,ignore,12,gaus_top,"[13.949639905605604, 9.148778172941013]","[4.360036475175177, 2.0756892480231715]","[9.78806804938272, 4.692384855197447]",9.3659148100545,"[15.342692832832837, 11.234295254882014]","[5.613666795295295, 3.8675005762713157]","[8.282793874643874, 7.389502739163794]",9.746384500924002,[16.2293467502739],[7.0719836074132845],[11.285576946543822],11.528969101410334,4.360036475175177,2.0756892480231715
422,long_path,lp2_n85,5s,penalty,3,gaus_normal,"[13.893090574842942, 7.912636259034128]","[4.4383160061594085, 2.282189250567263]","[7.053124427991629, 2.995334255959069]",8.461510336331328,"[14.129289431290347, 10.433504789769245]","[5.2693237730539355, 4.376511451294388]","[6.7127338100356795, 3.699088569445492]",8.703782338126654,[15.396272781704084],[6.151523128900413],[7.7048164422832714],9.750870784295923,4.4383160061594085,2.282189250567263
421,long_path,lp2_n85,5s,penalty,3,gaus_80,"[13.78449330952442, 7.725223493325572]","[4.458671579251951, 2.320416791169124]","[7.062648728727259, 2.871572031092931]",8.435271205834544,"[13.85112838953216, 10.253921291731302]","[5.269323773053934, 4.376511451294388]","[6.846174778920459, 4.591227983283989]",8.655542313835518,[15.296666876737893],[6.173853798111269],[7.818429797370972],9.762983490740044,4.458671579251951,2.320416791169124
462,long_path,lp2_n85,10s,penalty,12,gaus_normal,"[13.533563665923602, 7.787562423936275]","[4.549635767119958, 1.9563786649300898]","[7.332719741690245, 2.594321157154097]",8.471973058244602,"[12.837740120871795, 7.407394523005818]","[3.769248315783388, 1.7189116147773915]","[7.286446667829351, 2.9697532991145548]",7.964478368161511,[13.650066959640537],[4.760606226509424],[8.50068983307437],8.970454339741444,4.549635767119958,1.9563786649300898
426,long_path,lp2_n85,5s,penalty,6,gaus_normal,"[13.980821498708508, 7.519019709750266]","[4.563214010296231, 2.3134566892380337]","[7.237945182658129, 2.989739429016492]",8.593993563887624,"[13.944814740020524, 9.410491008240271]","[4.858200563640082, 5.272443351525837]","[6.960820723927416, 3.9207050727167783]",8.587945342529341,[15.479811979509488],[5.656632828085554],[7.90569643516059],9.68071374758521,4.563214010296231,2.3134566892380337
425,long_path,lp2_n85,5s,penalty,6,gaus_80,"[13.714029377088261, 7.561106968873769]","[4.624140320089099, 2.3702164797220555]","[7.238742734798334, 2.9533861731487527]",8.525637477325231,"[13.694493587295762, 8.865122703938725]","[4.977354749722722, 5.038962662667406]","[7.021776692751774, 3.9111622248198032]",8.564541676590087,[15.291445081722312],[5.788660977765071],[7.9815987068463015],9.687234922111228,4.624140320089099,2.3702164797220555
420,long_path,lp2_n85,5s,penalty,3,average,"[15.144868653139254, 7.511262491764344]","[4.643704947739408, 2.131625615367409]","[7.915817188786011, 4.603477948072222]",9.234796929888224,"[14.475782812526813, 10.67124975999075]","[5.377086268442356, 4.642888467506528]","[8.555271121693123, 7.417758321523792]",9.469380067554097,[16.422976898656824],[6.474847385236686],[8.845516586590776],10.581113623494762,4.643704947739408,2.131625615367409
460,long_path,lp2_n85,10s,penalty,12,average,"[13.399355068179288, 7.681118561527971]","[4.7521834947447426, 1.8156463082079266]","[11.202518283950617, 5.163624389966226]",9.784685615624882,"[11.926358119508397, 7.79713904529735]","[3.897052498957288, 1.8418945466143526]","[10.658375509259258, 5.945558856167627]",8.827262042574981,[13.70276571577133],[4.942948384050716],[13.200767366255144],10.615493822025728,4.7521834947447426,1.8156463082079266
335,long_path,lp2,5s,penalty,12,gaus_top,"[14.09637430855856, 8.6607957639645]","[4.823833355105102, 2.6298999118671764]","[8.977093811213992, 5.841792941979674]",9.299100491625886,"[14.153743101673102, 9.74373682743506]","[6.340876954037371, 4.823852462446679]","[8.733938024691358, 8.129614853317694]",9.742852693467276,[16.635660185389593],[8.204753167667667],[10.004521929435974],11.614978427497745,4.823833355105102,2.6298999118671764
431,long_path,lp2_n85,5s,penalty,12,gaus_top,"[13.692932795100655, 7.798662296852583]","[4.889313032720218, 2.1731018670360367]","[7.539557734053498, 4.377682617285782]",8.707267853958124,"[11.985686336336336, 8.893842962703326]","[6.247129992909578, 2.726368730744371]","[8.439594466891133, 5.261801586103634]",8.890803598712349,[16.111931223395423],[7.629579992652073],[9.242298607361981],10.994603274469824,4.889313032720218,2.1731018670360367
430,long_path,lp2_n85,5s,penalty,12,gaus_normal,"[13.75664108781628, 7.367058072511063]","[4.893125454501875, 2.1856262908796977]","[7.617789705059045, 3.0142641921522677]",8.755852082459066,"[13.899794615821776, 8.075594954868516]","[5.120794964109375, 3.4798644369046476]","[7.5769176547506705, 3.354882829867099]",8.86583574489394,[15.187437277734443],[5.711304975792204],[8.369733978373512],9.75615874396672,4.893125454501875,2.1856262908796977
461,long_path,lp2_n85,10s,penalty,12,gaus_80,"[13.427900510238866, 7.535534775622781]","[4.905304797745781, 2.1030654873834695]","[7.324917384418915, 2.675217275484068]",8.55270756413452,"[12.574298748288975, 8.572909888114587]","[4.192769075661744, 1.6797307987520231]","[7.130372569474371, 3.1917018091001856]",7.96581346447503,[13.51187890618289],[5.204050992738968],[8.562627599330963],9.092852499417608,4.905304797745781,2.1030654873834695
429,long_path,lp2_n85,5s,penalty,12,gaus_80,"[13.689719294750875, 7.371117754572388]","[4.989229082296568, 2.2119494536891042]","[7.589701442126001, 3.2278919116495803]",8.756216606391147,"[13.694613440619882, 7.916092965098121]","[4.881494734047063, 3.1719368992069943]","[7.333446438953093, 3.525427894204768]",8.636518204540012,[15.170196219844073],[5.89558104904187],[8.411172841140916],9.82565003667562,4.989229082296568,2.2119494536891042
424,long_path,lp2_n85,5s,penalty,6,average,"[15.356375711009624, 6.74746575452298]","[5.013001270656074, 2.1169684113604568]","[8.81579468878601, 4.421489140309394]",9.728390556817237,"[14.299279288717289, 9.573057242970162]","[4.716687774441108, 5.611329318008439]","[8.620223446502056, 5.518284308426244]",9.21206350322015,[16.405330712803327],[5.980743254515384],[9.659655176553898],10.681909714624204,5.013001270656074,2.1169684113604568
417,long_path,lp2_n85,5s,penalty,1,gaus_80,"[14.436158384092428, 9.217954496098232]","[5.015177142183852, 2.685226481841923]","[7.2544414053497945, 4.274238804257635]",8.901925643875359,"[15.889844837893454, 11.535032429779742]","[7.0261617901234565, 4.539616362014897]","[6.855795679012346, 5.506039099555882]",9.923934102343084,[16.45726136512384],[7.865415203431693],[8.010605120633585],10.77776056306304,5.015177142183852,2.685226481841923
333,long_path,lp2,5s,penalty,12,gaus_80,"[14.130520953306403, 7.997220606560168]","[5.041036954785985, 2.191398636122914]","[8.837662999575596, 5.389831332321036]",9.33640696922266,"[14.011056958043994, 8.328830082683243]","[4.1863469953581465, 2.708046095287732]","[8.796136909236075, 7.474480909429456]",8.997846954212738,[16.388288686069195],[6.472829269390893],[9.739564238626192],10.866894064695428,5.041036954785985,2.191398636122914
334,long_path,lp2,5s,penalty,12,gaus_normal,"[14.19408959993273, 7.8796362337320005]","[5.0941074344041395, 2.311781830739832]","[8.721122941810654, 4.724643704894134]",9.336439992049174,"[14.156450539375854, 8.336455624882255]","[4.141533170297152, 3.1178920942804504]","[8.743233036693077, 6.316108434450012]",9.01373891545536,[16.241298399499534],[6.42317484550218],[9.608472261229142],10.757648502076952,5.0941074344041395,2.311781830739832
330,long_path,lp2,5s,penalty,6,gaus_normal,"[14.04510167216915, 7.525956059483133]","[5.127299937870414, 2.668119725896279]","[7.722949047576659, 3.666015703650185]",8.965116885872074,"[13.878762359757502, 8.4866777679372]","[4.4821538539345, 3.106848399561111]","[6.7739505086333685, 3.78325166999093]",8.37828890744179,[15.953006235285267],[6.687866070418563],[8.215156806109281],10.285343037271035,5.127299937870414,2.668119725896279
329,long_path,lp2,5s,penalty,6,gaus_80,"[13.924461750434027, 7.497235398390111]","[5.156472793436581, 2.603125299464748]","[7.833844620566542, 4.030085432439096]",8.971593054812383,"[13.70255336200723, 8.51081907650487]","[4.61078277938452, 2.9399533791173185]","[6.7708760703683035, 4.031361913128522]",8.361404070586685,[15.9828419756799],[6.764655260634965],[8.369803970629533],10.372433735648132,5.156472793436581,2.603125299464748
416,long_path,lp2_n85,5s,penalty,1,average,"[15.056352347583697, 8.889310425607281]","[5.171562121350518, 2.5913670831179476]","[7.858596397119342, 5.288636968044295]",9.36217028868452,"[15.889844837893454, 11.535032429779742]","[7.0261617901234565, 4.539616362014897]","[8.622006666666667, 8.549761017447809]",10.51267109822786,[17.111382620820166],[8.036939593651622],[8.969368548736039],11.372563587735945,5.171562121350518,2.5913670831179476
423,long_path,lp2_n85,5s,penalty,3,gaus_top,"[13.076562745203539, 7.040860176416661]","[5.181805720220221, 2.6214523372067884]","[6.967226363683126, 3.9827639736899316]",8.408531609702296,"[13.208512907764907, 10.18784746644794]","[5.9515751530697365, 2.5128238148588387]","[7.098213860830527, 5.308489288126036]",8.752767307221724,[14.867241542042283],[7.2577510735808275],[8.197577010807148],10.107523208810086,5.181805720220221,2.6214523372067884
427,long_path,lp2_n85,5s,penalty,6,gaus_top,"[13.420902558989546, 7.123334250046318]","[5.202360761886889, 2.607536464378185]","[7.123518752572017, 3.788054223411195]",8.582260691149484,"[12.910999968253966, 10.08756484956215]","[6.34168885677344, 3.0241091070435333]","[7.579009921436588, 5.199357139670895]",8.943899582154664,[15.85465577308533],[7.414202893280963],[8.681844480893592],10.650234382419962,5.202360761886889,2.607536464378185
326,long_path,lp2,5s,penalty,3,gaus_normal,"[13.969858358984126, 7.681119484135099]","[5.324988136934891, 2.9123831831903226]","[6.8500732956367365, 3.291083034112271]",8.714973263851919,"[13.86661789235092, 8.278994288144009]","[4.896747170777348, 3.6584833322894856]","[6.398055062395437, 3.8959188575177266]",8.387140041841235,[16.073130112180344],[6.966549728515261],[7.354851919350507],10.13151058668204,5.324988136934891,2.9123831831903226
331,long_path,lp2,5s,penalty,6,gaus_top,"[13.702680447447449, 7.332646128055182]","[5.374057058850518, 2.9642537388889245]","[7.9467286244855995, 4.891464460555285]",9.007822043594524,"[13.141650466577689, 9.317844088511658]","[6.30746660035035, 4.67720283297853]","[7.582114969135803, 6.672548151733217]",9.010410678687949,[16.742000402981912],[8.131274857857857],[9.060112703747796],11.311129321529188,5.374057058850518,2.9642537388889245
575,long_path,lp2_n100,10s,ignore,12,gaus_top,"[19.596716164831502, 14.517752898650162]","[5.3834601159492825, 3.343339000305003]","[14.680949839506175, 8.914244176580766]",13.220375373428986,"[18.06734943943944, 15.843273723996992]","[6.55489117867868, 6.610323095249372]","[12.122330679012343, 12.21142913249726]",12.248190432376822,[23.212416375486598],[8.665758214381048],[16.43487032510288],16.10434830499018,5.3834601159492825,3.343339000305003
325,long_path,lp2,5s,penalty,3,gaus_80,"[13.818204222741548, 7.729301937088949]","[5.442376261715786, 2.8667869377948523]","[6.876300965939696, 3.3918468849997234]",8.71229381679901,"[13.750426913824572, 8.297955560819494]","[4.940654795855097, 3.576333397448246]","[6.444915873384928, 3.9877100333467563]",8.378665861021533,[16.02210006687231],[7.057375721273333],[7.3506851090720335],10.143386965739223,5.442376261715786,2.8667869377948523
324,long_path,lp2,5s,penalty,3,average,"[14.997511272397398, 7.096251595086742]","[5.596776993993991, 3.3249813290892245]","[8.011123448045268, 4.03791817311325]",9.535137238145552,"[14.665586923780921, 10.66532624593849]","[4.919329799799798, 4.148155691133506]","[6.837689135802469, 5.130485738274843]",8.807535286461063,[16.991256773123915],[7.252863941358024],[8.678440340111353],10.974187018197762,5.596776993993991,3.3249813290892245
303,long_path,lp2,3s,penalty,12,gaus_top,"[15.678846924599602, 8.953605954944996]","[5.65148817205956, 2.9887814504965924]","[9.22483521697531, 6.61499816477558]",10.18505677121149,"[15.873007433359286, 10.568600132776517]","[7.210180101351351, 6.158015669619639]","[9.211873304284676, 8.644402676612524]",10.765020279665103,[19.55524986243163],[9.834875931123364],[10.525529687363155],13.305218493639382,5.65148817205956,2.9887814504965924
328,long_path,lp2,5s,penalty,6,average,"[15.047695202952955, 6.584809694306738]","[5.838860253294963, 3.128845248895368]","[10.52519639711934, 4.912871802083643]",10.47058395112242,"[14.782717213324437, 8.731209246103361]","[4.464425145562229, 3.4045116742629924]","[8.605546172839505, 6.417987282697253]",9.284229510575392,[17.059645549085594],[7.150994060185186],[11.319318397845558],11.843319335705443,5.838860253294963,3.128845248895368
428,long_path,lp2_n85,5s,penalty,12,average,"[15.004810426287397, 5.9827990664430155]","[5.838952843572742, 2.1259386697293494]","[13.492421597350821, 5.517221802185042]",11.445394955736989,"[14.042460312526815, 9.764715088186813]","[5.513314746703224, 5.502418968476782]","[10.701035622427984, 5.961193242544665]",10.085603560552675,[16.291500503352207],[6.463982588896867],[15.265852359791031],12.673778484013368,5.838952843572742,2.1259386697293494
393,long_path,lp2_n85,3s,penalty,6,gaus_80,"[13.784539762199893, 6.422083371893226]","[5.871790501155315, 3.0868484263836993]","[7.565435397491246, 3.3399037034905743]",9.07392188694882,"[14.341022379064892, 7.790100677932291]","[4.932814663474025, 3.7792717339944324]","[7.287036797276232, 4.410312836960359]",8.853624613271716,[16.01052260338998],[7.178609075620699],[7.98216003095312],10.390430569987933,5.871790501155315,3.0868484263836993
301,long_path,lp2,3s,penalty,12,gaus_80,"[15.445464864107413, 8.884870802601695]","[5.872124339010496, 3.132690016793201]","[8.954455074454547, 5.473740282030154]",10.090681425857484,"[15.34660943650889, 8.914945920949123]","[5.72707407951921, 4.22041274526733]","[8.517182622309072, 6.355851128781679]",9.863622046112392,[18.567930333513235],[8.032706984404935],[9.986257539521867],12.19563161914668,5.872124339010496,3.132690016793201
302,long_path,lp2,3s,penalty,12,gaus_normal,"[15.30881159876757, 8.670530015505541]","[5.8727076083378735, 3.3109877952818456]","[8.73229230609214, 4.939353768446879]",9.971270504399191,"[15.018218432574688, 9.008414340495516]","[5.96786592605011, 4.254167531829894]","[8.533064384995413, 5.4335180259555855]",9.839716247873405,[18.211963441034687],[8.024317394142455],[9.731470775150799],11.98925053677598,5.8727076083378735,3.3109877952818456
394,long_path,lp2_n85,3s,penalty,6,gaus_normal,"[13.930617599644954, 6.4018976541114405]","[5.984805305221217, 3.1877982760590116]","[7.528837098747725, 3.3927812014738494]",9.1480866678713,"[14.66861113457788, 7.829170750677302]","[4.875923597777058, 3.857471019449328]","[7.22460585525801, 5.627227226965883]",8.92304686253765,[16.15217795963225],[7.221440022135416],[7.8262948867859805],10.399970956184548,5.984805305221217,3.1877982760590116
327,long_path,lp2,5s,penalty,3,gaus_top,"[14.074708183558561, 7.480560031676486]","[5.987097288017185, 3.418517318981376]","[7.118292545781894, 3.757224845970598]",9.060032672452548,"[13.284000372316761, 8.93932927049503]","[5.919304799799801, 3.2495541354751847]","[7.204758148148149, 7.4214571134571425]",8.80268777342157,[16.803862519221326],[8.436895309015537],[7.899260773390651],11.046672867209171,5.987097288017185,3.418517318981376
479,long_path,lp2_n85,10s,ignore,12,gaus_top,"[16.32170368857747, 11.056722874638806]","[6.043632689189188, 4.055204825039597]","[10.491918765432096, 4.768376688925455]",10.952418381066252,"[16.764508767656547, 12.833122861569747]","[5.71897614114114, 6.313810247014662]","[8.949844835390946, 6.419251796221663]",10.477776581396212,[19.117745453008567],[7.9642030699032365],[11.572989131687244],12.884979218199682,6.043632689189188,4.055204825039597
397,long_path,lp2_n85,3s,penalty,12,gaus_80,"[13.84090824030996, 7.131696367040226]","[6.049350830792323, 3.1085223356331775]","[7.9656554130116755, 3.515240678595409]",9.285304828037985,"[15.030871368965094, 7.363372145903527]","[5.086569935993217, 3.4241007272709805]","[7.366252331776525, 3.6547987541943736]",9.161231212244946,[16.246498126663674],[7.116904099965758],[8.637631821225431],10.667011349284955,6.049350830792323,3.1085223356331775
332,long_path,lp2,5s,penalty,12,average,"[15.230296577077079, 6.672779638884365]","[6.082835635239405, 2.800243162389814]","[16.672419255915635, 6.126637754478279]",12.661850489410703,"[15.05319628092378, 9.646721286268466]","[4.574127941795964, 3.4412591808755493]","[12.022847569444444, 7.734917269690321]",10.550057264054727,[17.888786749162257],[7.345152536098598],[18.371814557431613],14.535251280897487,6.082835635239405,2.800243162389814
390,long_path,lp2_n85,3s,penalty,3,gaus_normal,"[14.01681855608655, 6.608366258445325]","[6.113081501931795, 3.4268595240778468]","[7.2902397373170835, 3.449765634468014]",9.140046598445142,"[14.898521106824719, 9.093487520654026]","[6.507884524027413, 4.283054059702629]","[7.029647434447117, 4.734746978660241]",9.47868435509975,[16.504738981363797],[8.080620407491912],[7.612263926319396],10.732541105058369,6.113081501931795,3.4268595240778468
398,long_path,lp2_n85,3s,penalty,12,gaus_normal,"[13.873612292209213, 6.964010976688324]","[6.126031706976306, 3.185685596758609]","[7.959141779071318, 3.31835618828421]",9.319595259418946,"[15.120820864533295, 8.773870047440633]","[4.899240859960105, 3.5040080961359297]","[7.566836656719066, 3.4854022000564373]",9.195632793737488,[16.15621920930747],[7.110579640177789],[8.52193114581712],10.59624333176746,6.126031706976306,3.185685596758609
447,long_path,lp2_n85,5s,ignore,12,gaus_top,"[14.649648579273718, 9.929860105698172]","[6.148482142183852, 3.4394390290005847]","[10.906538029320988, 6.169402474003687]",10.568222916926183,"[15.843253272415275, 13.234042749261656]","[6.613392663496831, 6.7564344225269455]","[10.068884074074075, 9.111625383864878]",10.84184333666206,[17.812635974623923],[8.726506189098519],[12.067340088301],12.868827417341146,6.148482142183852,3.4394390290005847
389,long_path,lp2_n85,3s,penalty,3,gaus_80,"[14.021897001108307, 6.5214906999617455]","[6.171242965674226, 3.467999891390192]","[7.340505858609517, 3.3485482568063896]",9.17788194179735,"[14.779445065535187, 9.025883855059048]","[6.704195577342698, 4.698671524984121]","[7.08550102810967, 4.368018859046462]",9.523047223662518,[16.46316944774481],[8.148704568592853],[7.754079915685604],10.788651310674425,6.171242965674226,3.467999891390192
399,long_path,lp2_n85,3s,penalty,12,gaus_top,"[13.81268659501168, 8.428056979490053]","[6.180979939439441, 3.436216055628097]","[8.463599104320988, 5.398678623971147]",9.485755212924037,"[15.609264696583375, 10.984719674463982]","[6.6327152071515965, 3.989877728861446]","[8.22109076388889, 6.517309205818775]",10.154356889207952,[17.209427071932936],[8.587070191593462],[9.541661340345168],11.77938620129052,6.180979939439441,3.436216055628097
321,long_path,lp2,5s,penalty,1,gaus_80,"[14.811713448323324, 7.758996016398351]","[6.260389866053553, 3.432867130649728]","[7.155390383744855, 3.877125652799158]",9.409164566040578,"[14.845815772995216, 9.837290896081292]","[6.740727929596264, 6.900065191743979]","[6.686393682539683, 4.78642879196413]",9.424312461710388,[16.981433590083373],[8.143821342193643],[7.825035098560536],10.983430010279184,6.260389866053553,3.432867130649728
543,long_path,lp2_n100,5s,ignore,12,gaus_top,"[17.92534153382549, 12.596911143520053]","[6.284793382298965, 4.649690011601053]","[13.930673672325106, 6.372372072590177]",12.71360286281652,"[19.609916336908338, 16.088560896295828]","[6.707234161244578, 6.830277428870969]","[12.878553199588477, 10.97468214507722]",13.065234565913798,[21.710249440394364],[9.193092378044712],[15.113244365528931],15.338862061322668,6.284793382298965,4.649690011601053
320,long_path,lp2,5s,penalty,1,average,"[15.409291101101104, 7.758791564069458]","[6.2917779702202195, 3.4686477262168043]","[8.322473688786008, 5.107219673478696]",10.007847586702445,"[14.845815772995216, 9.837290896081292]","[6.740727929596264, 6.900065191743979]","[7.806937880658438, 8.837609699433361]",9.79782719441664,[17.694084120994013],[8.264978555555556],[9.243727587388044],11.73426342131254,6.2917779702202195,3.4686477262168043
297,long_path,lp2,3s,penalty,6,gaus_80,"[15.024453669605146, 8.09400907397728]","[6.310916280104979, 4.067972158462173]","[8.061532027538252, 4.438206671721824]",9.79896732574946,"[14.724657570293893, 10.300923195640308]","[6.5793680992039185, 4.922365334505571]","[6.962989281028804, 3.856489347197855]",9.422338316842206,[17.864062969713313],[8.36027910891541],[8.743399849538445],11.655913976055723,6.310916280104979,4.067972158462173
395,long_path,lp2_n85,3s,penalty,6,gaus_top,"[13.387084177836169, 7.259565993874027]","[6.3198098019394395, 3.3600583704379585]","[7.5501034237654325, 4.80181084489788]",9.085665801180346,"[14.3125487946437, 8.709015819568673]","[6.351240762707151, 2.526524197543274]","[7.612772638888889, 6.48560196131261]",9.425520732079914,[16.860263065556136],[9.05990683056375],[8.742653335007256],11.554274410375712,6.3198098019394395,3.3600583704379585
298,long_path,lp2,3s,penalty,6,gaus_normal,"[14.973508172070195, 8.072591300310922]","[6.3323818975599035, 4.204219926670512]","[7.889582067511901, 4.238382183449734]",9.731824045714,"[14.752164308401689, 10.172230476407238]","[6.534783270936529, 4.926048263168645]","[6.9872895436231826, 3.751816157721088]",9.4247457076538,[17.755247823212965],[8.33415297781596],[8.507524484986712],11.532308428671875,6.3323818975599035,4.204219926670512
444,long_path,lp2_n85,5s,ignore,12,average,"[13.877492838234069, 8.946338248383807]","[6.41379958315607, 3.1855378112223565]","[9.827542371141973, 3.4903058216847134]",10.039611597510705,"[13.931297640497641, 9.768583393798451]","[6.138802148398398, 3.9409764526143527]","[10.117143249158252, 4.7440808729898265]",10.062414346018096,[15.896124186679865],[8.356470806208382],[11.547470770143232],11.933355254343828,6.41379958315607,3.1855378112223565
446,long_path,lp2_n85,5s,ignore,12,gaus_normal,"[14.052380261275497, 9.159513950796843]","[6.466919311800304, 3.074668637577051]","[9.958870228374147, 4.048587478789614]",10.159389933816648,"[14.446189732209579, 10.06872827958681]","[4.765932055707011, 3.656827750527708]","[10.195784980665044, 5.178784886590966]",9.802635589527211,[15.994408765636265],[7.600608646472841],[11.6841805182841],11.759732643464403,6.466919311800304,3.074668637577051
445,long_path,lp2_n85,5s,ignore,12,gaus_80,"[14.136512550698804, 9.298436468617165]","[6.509114730539132, 2.991421295772711]","[10.086722505038365, 4.461107728910586]",10.244116595425432,"[14.878262902593645, 10.25625208645481]","[4.8913602195423005, 3.846550745741389]","[10.441848647881239, 5.625114130698516]",10.070490590005727,[16.14769719513048],[7.475919854921666],[11.847318533663524],11.82364519457189,6.509114730539132,2.991421295772711
413,long_path,lp2_n85,3s,ignore,12,gaus_80,"[13.933120516377691, 9.73827400186263]","[6.5117915300188, 2.707718965285629]","[9.514787329452007, 4.192035051186557]",9.986566458616169,"[14.465264444101232, 9.808848942389549]","[5.4148706451710416, 4.158397607815459]","[10.305803701891392, 6.321654255379135]",10.061979597054554,[16.558729082763953],[7.530183166100409],[11.55117600888288],11.88002941924908,6.5117915300188,2.707718965285629
414,long_path,lp2_n85,3s,ignore,12,gaus_normal,"[13.949973745860031, 9.408081804625695]","[6.525264266540975, 2.691869739866331]","[9.405733262147725, 3.9396360972503346]",9.960323758182913,"[14.428676151882515, 9.32291150379404]","[5.368367538153465, 3.595579868450793]","[10.18854705373417, 5.730257612535964]",9.995196914590052,[16.43185278100949],[7.694408889171719],[11.405388975473405],11.843883548551538,6.525264266540975,2.691869739866331
412,long_path,lp2_n85,3s,ignore,12,average,"[14.045210617156737, 8.957810974637109]","[6.526833196462087, 2.8296668686142907]","[9.547716033641974, 3.4994950499626185]",10.039919949086936,"[14.401747937643528, 8.796780764368588]","[6.35441061752542, 4.171304189544393]","[10.263537811791384, 5.132066615545742]",10.339898788986778,[16.279399942396218],[8.226619715863555],[11.32803861895673],11.944686092405504,6.526833196462087,2.8296668686142907
391,long_path,lp2_n85,3s,penalty,3,gaus_top,"[13.053944358391725, 6.355745048669933]","[6.546558887825325, 3.5367383275633695]","[7.344627079320987, 4.75393137853177]",8.98171010851268,"[13.653445775775774, 9.272900141118416]","[6.9956690960404835, 5.446003688407853]","[7.226671180555556, 6.572094289143908]",9.291928684123938,[15.689250168962653],[9.046164303257516],[8.170415424218858],10.968609965479676,6.546558887825325,3.5367383275633695
388,long_path,lp2_n85,3s,penalty,3,average,"[15.235821630805807, 5.77494524438887]","[6.658057101301305, 3.724125923023461]","[8.80763577067901, 5.665944371068647]",10.233838167595374,"[16.25880545891346, 10.627257022720077]","[7.6875868126020785, 6.783162528004586]","[8.525800958994708, 6.439056019435687]",10.82406441017008,[17.717731026715104],[8.782268498800843],[9.256120986963229],11.918706837493056,6.658057101301305,3.724125923023461
409,long_path,lp2_n85,3s,ignore,6,gaus_80,"[14.375494354420299, 9.535712540517872]","[6.698192249745449, 3.5751090541446398]","[9.496185434556391, 4.212857170286604]",10.189957346240712,"[14.50506029887832, 10.74576964944183]","[6.123078527642356, 4.624286760983233]","[10.309491729431514, 5.980066946402546]",10.31254351865073,[16.993292661777613],[8.494369683999778],[11.598796635483506],12.362152993753632,6.698192249745449,3.5751090541446398
571,long_path,lp2_n100,10s,ignore,6,gaus_top,"[18.632295831498165, 12.292097268519733]","[6.74394662345679, 4.336653752035807]","[15.22908428395062, 7.653513545189477]",13.535108912968523,"[16.712791675564453, 16.424718925630618]","[5.047721651651652, 7.114938008951933]","[13.669617098765434, 13.761148887890139]",11.81004347532718,[22.253032063507952],[9.241746483650317],[16.774285707818933],16.0896880849924,6.74394662345679,4.336653752035807
294,long_path,lp2,3s,penalty,3,gaus_normal,"[15.436557100448391, 8.506594451056428]","[6.832309949249897, 4.723467472862041]","[7.205353251736499, 3.817457318074561]",9.82474010047826,"[14.997013313591687, 11.021199984926012]","[7.310293973451424, 5.37324688968161]","[6.881457439611097, 3.9564947136348483]",9.72958824221807,[18.204570870606705],[9.285890756085461],[7.652112468988577],11.714191365226917,6.832309949249897,4.723467472862041
293,long_path,lp2,3s,penalty,3,gaus_80,"[15.422128663607323, 8.556360493511983]","[6.8548422301070335, 4.71805191355977]","[7.208982464976623, 3.8515003600761473]",9.82865111956366,"[15.143238679971445, 10.96929372497536]","[7.307766671419278, 5.464935544945324]","[6.931624455893068, 4.113539479229831]",9.794209935761264,[18.275300477019876],[9.335981437044003],[7.683637060538625],11.764972991534169,6.8548422301070335,4.71805191355977
410,long_path,lp2_n85,3s,ignore,6,gaus_normal,"[14.389284126894843, 9.241899846656482]","[6.881538159155109, 3.5982761129388763]","[9.438258463445726, 3.961868921562272]",10.236360249831892,"[14.495572160547967, 10.229586424309712]","[6.314612056498691, 4.525337450359655]","[10.278203979552387, 5.39990297264748]",10.362796065533017,[16.88617112772058],[8.693703334734838],[11.528094515203],12.369322992552805,6.881538159155109,3.5982761129388763
392,long_path,lp2_n85,3s,penalty,6,average,"[15.140898078028028, 5.332141562653548]","[6.888051351301303, 3.7161901646464455]","[9.672922779938272, 5.33509255126257]",10.567290736422532,"[15.112501724224225, 9.908657622179227]","[5.974714966413781, 6.021235032253964]","[8.680911719576718, 6.465086814232614]",9.922709470071574,[17.269231183203058],[8.145540057215191],[10.23238109266788],11.882384111028708,6.888051351301303,3.7161901646464455
573,long_path,lp2_n100,10s,ignore,12,gaus_80,"[17.028496980756046, 11.988313726773894]","[6.914856474220321, 3.0739638516921417]","[14.975539959121566, 6.091030521985035]",12.972964471365978,"[15.82005582718756, 14.950179711836487]","[4.495829104185025, 3.718789063176164]","[11.721837901949083, 8.103693619580415]",10.679240944440556,[18.63869517988632],[7.661566055105927],[16.166847979844977],14.155703071612407,6.914856474220321,3.0739638516921417
408,long_path,lp2_n85,3s,ignore,6,average,"[14.564996893668667, 8.933607909506842]","[6.948419878753751, 3.529493772354702]","[9.47457588688272, 3.6679189157956382]",10.329330886435043,"[14.5825713036566, 9.496846829080008]","[6.816226688925767, 4.938955493861515]","[10.436776111111113, 5.035903422580229]",10.611858034564492,[16.930095125015097],[8.983871597416664],[11.543568007955036],12.485844910128932,6.948419878753751,3.529493772354702
299,long_path,lp2,3s,penalty,6,gaus_top,"[14.894236910710712, 7.751108659976366]","[7.013744405092592, 4.27381918557013]","[8.256489055864199, 5.589656715607721]",10.054823457222502,"[14.941002409446481, 11.189358584638384]","[8.224255516266266, 7.352635914011701]","[7.551784088598403, 5.677931251303943]",10.239014004770384,[18.35135372723841],[10.226901210160587],[9.473420394494019],12.683891777297672,7.013744405092592,4.27381918557013
415,long_path,lp2_n85,3s,ignore,12,gaus_top,"[14.961892543268268, 9.94753877956371]","[7.036350446534034, 3.800516464025136]","[11.099874759567902, 6.036369881572374]",11.032705916456734,"[15.467158432250432, 11.83827448248945]","[6.920301848954217, 5.968072592100908]","[9.875328031953522, 10.500191051218321]",10.754262771052725,[18.07060528234882],[9.604446777476598],[12.13861901939146],13.271223693072292,7.036350446534034,3.800516464025136
443,long_path,lp2_n85,5s,ignore,6,gaus_top,"[14.44670700258592, 9.0693112986295]","[7.060126017183852, 3.711574325968497]","[10.473537880658437, 5.803009811515639]",10.66012363347607,"[16.68639120679503, 12.313539846555608]","[8.321547044544545, 4.981568539144698]","[10.441040875420875, 7.946110094221571]",11.816326375586817,[18.296315794593195],[10.880034530759021],[12.541373451215861],13.905907925522692,7.060126017183852,3.711574325968497
441,long_path,lp2_n85,5s,ignore,6,gaus_80,"[14.238203578824924, 9.090238905815756]","[7.063598009313324, 3.892152411935791]","[10.525414757332506, 4.606035012489679]",10.609072115156918,"[14.607706540180786, 11.208446337730336]","[5.422667646087398, 4.378536899345779]","[10.754355472870213, 6.842337307314911]",10.261576553046131,[16.97489558201636],[8.787554188459872],[12.56145997688275],12.774636582452992,7.063598009313324,3.892152411935791
442,long_path,lp2_n85,5s,ignore,6,gaus_normal,"[14.129830076610874, 9.113281844911237]","[7.0870923936824175, 4.04431515116312]","[10.274412978586108, 4.1877705413397495]",10.497111816293131,"[14.270555230463211, 10.903224408303988]","[5.898715086027803, 4.139383228004596]","[10.513060288272612, 5.9235523849136875]",10.227443534921209,[16.697908336928908],[9.067249409394861],[12.226423792400908],12.663860512908224,7.0870923936824175,4.04431515116312
411,long_path,lp2_n85,3s,ignore,6,gaus_top,"[13.909969559384383, 9.334096957427235]","[7.094178830618118, 4.354988605338892]","[10.025979796913582, 5.30585557385236]",10.34337606230536,"[15.266105740250053, 11.008526359241236]","[9.303467598914702, 6.960819325399244]","[9.84095464778504, 6.865444486703718]",11.470175995649932,[17.558807634468945],[11.197406715178198],[11.877172626888829],13.544462325511992,7.094178830618118,4.354988605338892
295,long_path,lp2,3s,penalty,3,gaus_top,"[14.900903410710713, 8.725528840325225]","[7.111408630092592, 4.675507840252827]","[7.3702025716049375, 4.249949200192672]",9.794171537469415,"[15.37062129833537, 10.405920675376723]","[8.259389773023022, 5.89625437556652]","[7.346855880574453, 7.583079685918491]",10.325622317310948,[18.256716211907857],[10.2273666839519],[8.147471701341995],12.210518199067252,7.111408630092592,4.675507840252827
477,long_path,lp2_n85,10s,ignore,12,gaus_80,"[13.626374316388558, 11.176493235229463]","[7.150722727342221, 2.956217772163179]","[10.577105936200411, 3.721928908062283]",10.451400993310395,"[14.686464580645918, 10.115096010052513]","[5.379214325363525, 4.235837244411184]","[9.16080303096128, 5.579541073288929]",9.742160645656908,[16.351904105792773],[7.848296342738026],[12.171365553830517],12.12385533412044,7.150722727342221,2.956217772163179
478,long_path,lp2_n85,10s,ignore,12,gaus_normal,"[13.526514734620928, 10.842378492169225]","[7.210223682839548, 3.0824668387808973]","[10.297873537296987, 3.3731752124549357]",10.34487065158582,"[14.243817255092043, 9.466650675388163]","[5.3918137502736805, 4.08541114693909]","[9.03478171200532, 4.696467154507114]",9.55680423912368,[16.18086757417199],[8.053478926448445],[11.886587499840712],12.040311333487049,7.210223682839548,3.0824668387808973
440,long_path,lp2_n85,5s,ignore,6,average,"[14.263007891474807, 8.858249596318128]","[7.24526820199366, 4.030815746579269]","[9.983186628086422, 3.6174464248020204]",10.497154240518295,"[14.122403973830975, 10.303432419687567]","[7.153007690190189, 4.4846732881680555]","[10.375947104377106, 5.0588738142645715]",10.550452922799424,[16.695132023110414],[9.638243319275798],[11.943787300975362],12.75905421445386,7.24526820199366,4.030815746579269
541,long_path,lp2_n100,5s,ignore,12,gaus_80,"[17.542384243313805, 12.043010164424885]","[7.27926633691957, 3.613329875072637]","[13.311238412210258, 5.63879588229788]",12.71096299748121,"[17.101503288141366, 12.587446885330861]","[4.401395348804435, 2.8324349341800303]","[12.407253351105094, 7.925915208028924]",11.303383996016969,[19.685707554815444],[8.395653050244427],[15.19032614072188],14.42389558192725,7.27926633691957,3.613329875072637
406,long_path,lp2_n85,3s,ignore,3,gaus_normal,"[14.767827513024464, 9.445422061419688]","[7.28703901621117, 4.116094267185663]","[9.895918587245584, 3.799532692040226]",10.65026170549374,"[16.02100704614199, 10.741112143341327]","[7.430365794724662, 5.232379297827272]","[10.796636680334228, 6.141402070778681]",11.416003173733626,[17.55110594150878],[9.668464182511993],[11.982965467695216],13.06751186390533,7.28703901621117,4.116094267185663
405,long_path,lp2_n85,3s,ignore,3,gaus_80,"[14.859687478834664, 9.639743927392358]","[7.287838452040782, 4.172618968851926]","[9.859681694444918, 3.9234217703947705]",10.66906920844012,"[15.970794711902393, 10.769802468206958]","[7.723654992048862, 5.127041068861258]","[10.886433145631841, 6.699223328647575]",11.526960949861031,[17.744023290372745],[9.657448462707267],[12.037914812514781],13.146462188531595,7.287838452040782,4.172618968851926
404,long_path,lp2_n85,3s,ignore,3,average,"[14.752547760335336, 9.179446737133949]","[7.350873113801302, 4.043735110737857]","[9.980816316975307, 3.6329146997564354]",10.694745730370649,"[15.788641369016071, 8.711614528405645]","[7.498665767873136, 4.9096164464259955]","[10.798419879062735, 5.352862204967436]",11.361909005317315,[17.343168285546273],[9.892767323694574],[11.989130159667571],13.075021922969476,7.350873113801302,4.043735110737857
476,long_path,lp2_n85,10s,ignore,12,average,"[13.970926067539763, 9.937955343413279]","[7.3789696753003, 3.321715866783801]","[9.986293546296299, 3.1744907575129635]",10.44539642971212,"[14.467645195612281, 8.635343358808884]","[6.334954512846179, 3.9283500782558494]","[9.104161965020575, 4.133681910047376]",9.968920557826344,[16.309461010927595],[8.98858798127294],[11.674536661522634],12.324195217907723,7.3789696753003,3.321715866783801
407,long_path,lp2_n85,3s,ignore,3,gaus_top,"[14.713037792709375, 9.62575938232365]","[7.429352299587089, 4.944195814031708]","[10.181243404938272, 5.130909331261569]",10.774544499078246,"[16.929388991172992, 12.961462920291291]","[9.560602522259098, 7.598580981696801]","[11.875568511256354, 6.985561006664744]",12.78852000822948,[18.65391847252591],[11.6097215738591],[13.32198671040698],14.528542252263996,7.429352299587089,4.944195814031708
542,long_path,lp2_n100,5s,ignore,12,gaus_normal,"[17.179488823384, 11.63359478040823]","[7.448122358641096, 3.494959388140065]","[12.974583376917337, 5.438768111898143]",12.53406485298081,"[16.741265153291856, 11.985559282257467]","[4.542179635549207, 3.385720682301951]","[12.282626083428111, 7.199371267997924]",11.18869029075639,[19.172364711820034],[8.432091709425617],[14.915029622257398],14.173162014501017,7.448122358641096,3.494959388140065
385,long_path,lp2_n85,3s,penalty,1,gaus_80,"[15.036296867075409, 8.157877296693863]","[7.596777876939441, 4.399964886961108]","[7.693494900617284, 4.910994523469583]",10.108856548210712,"[16.767830804767033, 10.994784249964551]","[8.284525762707151, 6.029165127302475]","[7.593431558641977, 5.456024291701048]",10.881929375372051,[17.89822850354502],[10.806381113604516],[8.196953767835879],12.300521128328471,7.596777876939441,4.399964886961108
437,long_path,lp2_n85,5s,ignore,3,gaus_80,"[14.271578261172245, 9.034171662917737]","[7.656923485464933, 3.6775002406259567]","[10.762099571742619, 4.364783188532671]",10.8968671061266,"[16.06650818242628, 13.022447699672599]","[7.007195773184876, 4.635838349877749]","[11.07070912240039, 7.378153741237305]",11.38147102600385,[17.30786292716585],[10.25576950005527],[12.890180439240396],13.484604288820506,7.656923485464933,3.6775002406259567
574,long_path,lp2_n100,10s,ignore,12,gaus_normal,"[16.867967489435635, 11.141260905658608]","[7.660079526705019, 2.921023154601346]","[14.71746245474908, 5.7354755139128955]",13.08183649029658,"[15.406148026382258, 14.195566276253585]","[4.743287083351006, 3.970918320421268]","[11.864503983594458, 7.442455512104778]",10.67131303110924,[18.064897942307603],[8.16366190784993],[15.937533361385803],14.055364403847776,7.660079526705019,2.921023154601346
475,long_path,lp2_n85,10s,ignore,6,gaus_top,"[14.226941244133023, 11.324733862569314]","[7.690258189189191, 3.6273589026932473]","[10.256369098765433, 3.717529778923917]",10.724522844029217,"[15.460837656545433, 13.347381286057642]","[8.216388957290626, 8.816862044797269]","[9.169043744855967, 9.169199489952689]",10.948756786230676,[18.608511159381607],[11.481163302969636],[12.108668469135804],14.066114310495683,7.690258189189191,3.6273589026932473
438,long_path,lp2_n85,5s,ignore,3,gaus_normal,"[14.200503459627711, 8.927584427264252]","[7.6923237897954735, 3.8954821854384796]","[10.571684948644451, 4.051537678820378]",10.821504066022548,"[15.706048541994344, 10.431013043560185]","[7.412594726222771, 4.845929174049987]","[10.885719378558335, 6.665980714674086]",11.33478754892515,[17.12258686916821],[10.446025148690904],[12.688069407585148],13.41889380848142,7.6923237897954735,3.8954821854384796
511,long_path,lp2_n100,3s,ignore,12,gaus_top,"[17.224162645095095, 11.013281601237567]","[7.696182298673674, 4.374408981049566]","[13.42682892993827, 6.29468083840999]",12.782391291235678,"[19.72258862534949, 15.349416024380128]","[8.063430462304405, 7.614645648556429]","[11.63912022079772, 11.738588289082498]",13.141713102817208,[21.02288651632574],[11.002955167035456],[14.789736247489003],15.605192643616732,7.696182298673674,4.374408981049566
432,long_path,lp2_n85,5s,ignore,1,average,"[15.251436633591927, 8.666476489372489]","[7.701255022480815, 5.16905179858909]","[10.052382429012345, 3.678700882976917]",11.00169136169503,"[15.87004510939511, 11.033979184477435]","[12.47192274753014, 8.248824545787329]","[10.460344545454547, 8.609429055686467]",12.9341041341266,[18.941372785701112],[13.633333073613471],[13.446714293159108],15.340473384157898,7.701255022480815,5.16905179858909
400,long_path,lp2_n85,3s,ignore,1,average,"[14.900352540265263, 9.0249326567019]","[7.8342063755130145, 4.307981996374285]","[10.448137966975308, 4.45211256143582]",11.060898960917864,"[15.59917558951108, 10.462685605115185]","[9.583239387495604, 8.215871545074169]","[12.05915933484505, 7.6227517296652065]",12.41385810395058,[18.66709595959218],[11.9241837289517],[13.100265150891616],14.56384827981183,7.8342063755130145,4.307981996374285
289,long_path,lp2,3s,penalty,1,gaus_80,"[15.245461474332664, 7.674051072436969]","[7.835201011974476, 4.732102609524368]","[6.979294649074075, 4.413395131199432]",10.01998571179374,"[16.49965299595892, 11.883403463006058]","[8.80686690990991, 7.296525162827781]","[6.379785071806501, 4.573514085518356]",10.562101659225112,[18.065715433871826],[10.474805429940195],[7.554758246396686],12.031759703402903,7.835201011974476,4.732102609524368
510,long_path,lp2_n100,3s,ignore,12,gaus_normal,"[16.66278184443254, 10.689771229717751]","[7.845940082214926, 3.4622337693901515]","[11.933280964503767, 5.554310236991335]",12.147334297050412,"[17.437591219929015, 11.98085423699474]","[5.2164621476194695, 5.341463844315384]","[12.03963605487402, 6.493255021606226]",11.564563140807502,[18.899067705177792],[8.844262054994465],[14.083135180225913],13.942154980132722,7.845940082214926,3.4622337693901515
509,long_path,lp2_n100,3s,ignore,12,gaus_80,"[16.804689406925863, 10.844952627211757]","[7.861437213024895, 3.6582633944075234]","[12.269086223440395, 5.678433303468248]",12.311737614463718,"[17.577048579305323, 12.501057058959226]","[5.173275052993865, 5.121898069329347]","[12.239185327328073, 6.9095708429836575]",11.663169653209088,[19.155678755808413],[8.984280518125544],[14.403798423973399],14.181252565969118,7.861437213024895,3.6582633944075234
396,long_path,lp2_n85,3s,penalty,12,average,"[15.471057908577325, 6.202758469858256]","[7.905595356509634, 3.9808811451636856]","[15.867471616049382, 6.356696250398366]",13.08137496037878,"[15.61379595286195, 9.839841098105735]","[7.7650175726384285, 7.111570578400377]","[12.339352002314817, 6.829147836839078]",11.906055175938398,[17.68527143992695],[8.812238602073478],[17.34766876953815],14.615059603846191,7.905595356509634,3.9808811451636856
436,long_path,lp2_n85,5s,ignore,3,average,"[14.224970433655876, 8.720110354341712]","[7.9096034450492185, 4.257360700395285]","[10.30989313786008, 3.5325565387101934]",10.814822338855056,"[15.156545620477615, 9.55880212672694]","[8.10784979562896, 5.4060860125007295]","[10.53278782010582, 5.996487568673944]",11.26572774540413,[17.097457106596416],[10.951455327196763],[12.496321507156216],13.515077980316464,7.9096034450492185,4.257360700395285
292,long_path,lp2,3s,penalty,3,average,"[17.14504150005005, 7.321215753979807]","[7.915862325387883, 5.774839674202123]","[9.422011357407404, 5.755764073691116]",11.494305060948449,"[15.140839230526824, 11.065663824959014]","[7.687181856356355, 5.535961708753972]","[7.8501361253561255, 6.358171613746003]",10.226052404079768,[19.73452739414397],[10.568691449730498],[10.098448761315277],13.467222535063248,7.915862325387883,5.774839674202123
384,long_path,lp2_n85,3s,penalty,1,average,"[15.668921914139139, 7.549565151627493]","[7.949839287087089, 4.645161504016066]","[8.887065883641977, 6.456775992362365]",10.835275694956067,"[17.208902736008735, 12.701021960359709]","[9.3853790435172, 7.500095571405048]","[9.16782320483749, 10.064135915010791]",11.920701661454476,[18.696359268026463],[11.242443195810333],[9.73447238309798],13.22442494897826,7.949839287087089,4.645161504016066
296,long_path,lp2,3s,penalty,6,average,"[16.82423804219219, 7.487058823968192]","[8.000471321221221, 5.709967719176823]","[12.909125823456792, 6.161948973951025]",12.577945062290068,"[15.250048181051424, 9.83455134227047]","[6.7972041063563555, 5.098788411791787]","[8.645652799145298, 6.555420716515206]",10.230968362184358,[19.702172246356866],[9.953570165168307],[13.598485350538231],14.418075920687803,8.000471321221221,5.709967719176823
569,long_path,lp2_n100,10s,ignore,6,gaus_80,"[17.872442848641946, 11.972420785035077]","[8.077049016538453, 4.491132160127224]","[15.300866455460087, 6.296039418705056]",13.750119440213496,"[16.712946830150525, 14.965164723177974]","[5.411013799883464, 6.538795421038256]","[12.474516971795587, 9.93786117688593]",11.532825867276523,[20.104028120224843],[8.956145870514693],[16.49740788315578],15.185860624631772,8.077049016538453,4.491132160127224
300,long_path,lp2,3s,penalty,12,average,"[16.994107252145895, 8.019821281249667]","[8.176841911846223, 5.070018593867128]","[19.057558528549382, 6.885886179659221]",14.742835897513832,"[15.846946838458827, 9.67250089085552]","[6.768355144582079, 4.739464070495636]","[13.058244285968659, 7.684082958373966]",11.891182089669854,[20.608261380907972],[10.008626732628526],[20.383886627202326],17.00025824691294,8.176841911846223,5.070018593867128
474,long_path,lp2_n85,10s,ignore,6,gaus_normal,"[14.423479592245021, 10.053767150839853]","[8.197090108950404, 4.150789483749099]","[10.853295361957652, 3.6057438788125435]",11.157955021051023,"[14.300665209654385, 10.993183019688809]","[5.478260601487558, 4.091382016572494]","[10.179710944259732, 5.979830819652854]",9.986212251800556,[17.39081008325865],[9.88186273451751],[12.723622166758265],13.332098328178144,8.197090108950404,4.150789483749099
439,long_path,lp2_n85,5s,ignore,3,gaus_top,"[14.625776599808141, 8.789157410066883]","[8.256520864656324, 4.156899187099514]","[10.893781146604939, 5.839366702207447]",11.258692870356468,"[16.855764304876306, 12.281442092530574]","[9.335168683683683, 5.808882884951644]","[11.977266698412699, 7.559415816890232]",12.722733228990895,[18.25850438288279],[12.647363710126793],[13.381258177478491],14.762375423496024,8.256520864656324,4.156899187099514
473,long_path,lp2_n85,10s,ignore,6,gaus_80,"[14.503688311714237, 10.378287492686834]","[8.31779204348976, 3.7788889841041993]","[11.194151051150923, 3.756348519154702]",11.338543802118307,"[14.87374586548702, 11.502022964354657]","[5.386014268185133, 3.9262883351572917]","[10.603660396744987, 6.671783977704811]",10.28780684347238,[17.441437092679923],[9.723171934872422],[13.060805890813203],13.40847163945518,8.31779204348976,3.7788889841041993
288,long_path,lp2,3s,penalty,1,average,"[16.710496808383382, 8.028145480899454]","[8.322518825387888, 5.360610620472319]","[9.233287680555556, 5.954254961655109]",11.422101104775608,"[16.49965299595892, 11.883403463006058]","[8.80686690990991, 7.296525162827781]","[7.901816744639375, 7.929276733070302]",11.069445550169403,[19.661601527845228],[11.425492395397221],[10.073315226626416],13.720136383289622,8.322518825387888,5.360610620472319
472,long_path,lp2_n85,10s,ignore,6,average,"[14.756708891613837, 9.624038847555404]","[8.379129855855851, 4.066286133403371]","[10.549612796296294, 3.524246984209754]",11.228483847921993,"[14.701589964130797, 10.37579542563641]","[6.120117263513514, 4.012353840952534]","[10.245560041152263, 5.066500842150925]",10.355755756265523,[17.62689109292626],[10.53466043960627],[12.456561006172839],13.539370846235125,8.379129855855851,4.066286133403371
506,long_path,lp2_n100,3s,ignore,6,gaus_normal,"[16.86607484602555, 11.030718611506192]","[8.40104860693348, 4.38854913038607]","[12.217087107197221, 5.808566950876558]",12.49473685338542,"[17.027669448882673, 12.442255710996363]","[5.429948238189961, 6.610885758286636]","[12.644467043104576, 7.432933339251548]",11.70069491005907,[19.67385397623598],[9.58406492792243],[14.576759701887756],14.611559535348723,8.40104860693348,4.38854913038607
505,long_path,lp2_n100,3s,ignore,6,gaus_80,"[16.95757309278826, 11.410918588303513]","[8.522517205347649, 4.603879769365749]","[12.419333063368832, 5.948353653747741]",12.63314112050158,"[17.32694892139541, 13.134962684924158]","[5.442752190870041, 6.522114494781853]","[12.827895116924784, 7.982161532183353]",11.86586540973008,[19.962319356987138],[9.78639373693713],[14.702119071875234],14.816944055266498,8.522517205347649,4.603879769365749
537,long_path,lp2_n100,5s,ignore,6,gaus_80,"[17.945516029147555, 11.957224284615128]","[8.628463089311216, 4.777554822238904]","[13.98939190244104, 6.269690529283078]",13.521123673633271,"[18.164938780793214, 13.229694662087946]","[5.28099832710672, 6.513168246748868]","[13.751060003658198, 10.541760632085081]",12.398999037186044,[20.765254507547326],[9.854523240312732],[15.92435629985718],15.51471134923908,8.628463089311216,4.777554822238904
507,long_path,lp2_n100,3s,ignore,6,gaus_top,"[16.451326444294295, 11.632376177398891]","[8.656491623673674, 5.177476087773123]","[12.827263672530865, 6.748375185165192]",12.645027246832944,"[17.868187435538992, 13.981075032553731]","[7.857735167535955, 8.235543865076608]","[13.391891989026062, 10.77926741586873]",13.039271530700338,[20.786058922926134],[11.662523212024169],[15.068150197223417],15.83891077739124,8.656491623673674,5.177476087773123
540,long_path,lp2_n100,5s,ignore,12,average,"[16.74934324015682, 10.854957141905336]","[8.666474746350517, 3.5551491774249855]","[12.305522258230448, 5.143673584882422]",12.57378008157926,"[15.9507456991992, 11.672115015154281]","[5.075972808329162, 4.37908962364654]","[11.843599650205762, 6.181118763281413]",10.956772719244707,[18.566201573170392],[9.69727146494411],[14.337130871247883],14.200201303120798,8.666474746350517,3.5551491774249855
570,long_path,lp2_n100,10s,ignore,6,gaus_normal,"[17.510537152513407, 11.483751619381673]","[8.673310177060221, 4.181811581499217]","[15.24508944400081, 5.83185768300181]",13.80964559119148,"[16.032588233124844, 14.669905112802633]","[5.440309155700309, 6.992767307192071]","[12.468701986466073, 8.682942886216725]",11.31386645843041,[19.43189482257212],[9.272838848727204],[16.465825666685486],15.056853112661605,8.673310177060221,4.181811581499217
464,long_path,lp2_n85,10s,ignore,1,average,"[14.825962341341343, 9.655506313684162]","[8.692455355855854, 5.068033499090386]","[11.019312987654322, 4.593113097095114]",11.512576894950506,"[17.52106123957291, 11.71880903229247]","[10.14429093093093, 8.398594774746185]","[13.24438767489712, 8.895532228225715]",13.636579948466986,[20.04968671104438],[15.153919885719054],[15.038910711934156],16.747505769565866,8.692455355855854,5.068033499090386
538,long_path,lp2_n100,5s,ignore,6,gaus_normal,"[17.79720492342591, 11.651243277886907]","[8.75360931691477, 4.610311158433927]","[13.60872087884656, 5.878448246904528]",13.386511706395746,"[17.617284098696597, 12.985123298246622]","[5.3095678358457965, 6.407816867776432]","[13.464138951111309, 9.203142954775307]",12.130330295217902,[20.384204934158454],[9.836299036356158],[15.527388163385783],15.249297377966798,8.75360931691477,4.610311158433927
508,long_path,lp2_n100,3s,ignore,12,average,"[16.398343201007258, 10.281750221588963]","[8.766641647632008, 3.7014498623366516]","[11.475402408179011, 5.270677496179772]",12.213462418939423,"[17.092897025732633, 11.235927711166193]","[5.850441164849058, 5.761626097531923]","[11.830179775377232, 6.31621166286055]",11.59117265531964,[18.61058209197884],[9.8069807256455],[13.633988117071974],14.017183644898772,8.766641647632008,3.7014498623366516
471,long_path,lp2_n85,10s,ignore,3,gaus_top,"[15.010625355244136, 11.110499209133316]","[8.852451355855857, 3.5660492257030207]","[11.759706000000001, 5.449644360424429]",11.874260903699998,"[17.033630427093765, 12.805882588232297]","[7.444358430930929, 5.191538981022939]","[13.598013950617284, 6.929522065840489]",12.692000936213994,[19.18206149605161],[13.354489842008675],[15.77765767489712],16.10473633765247,8.852451355855857,3.5660492257030207
539,long_path,lp2_n100,5s,ignore,6,gaus_top,"[16.749456684100767, 12.056813137076803]","[9.011391882298968, 6.083355581052868]","[14.434543105452677, 6.920403470913132]",13.398463890617473,"[17.763716246818245, 14.186730889719415]","[8.347277688104771, 8.707511727368116]","[15.560653497942386, 12.38715587976183]",13.890549144288466,[21.559684964402496],[11.39465228595262],[16.814063620793995],16.589466957049705,9.011391882298968,6.083355581052868
567,long_path,lp2_n100,10s,ignore,3,gaus_top,"[20.31553851562674, 12.544761118630374]","[9.114477949282616, 6.746936724856374]","[16.14757983950618, 7.336641352239393]",15.192532101471846,"[18.757185008897792, 16.65923451465583]","[7.107429917417417, 6.236238770924969]","[14.484411543209879, 13.368246362253569]",13.449675489841695,[23.179127621844067],[10.824429638304974],[18.46324211111111],17.488933123753384,9.114477949282616,6.746936724856374
470,long_path,lp2_n85,10s,ignore,3,gaus_normal,"[14.430622350487116, 9.986048077733955]","[9.175340049908659, 3.7664460107161086]","[10.93925991481379, 4.4187944128881504]",11.515074105069855,"[14.416206410691862, 11.631130315866178]","[6.10372398420249, 4.037268501277877]","[11.128190933720221, 7.061336624255521]",10.549373776204858,[17.45982699938593],[11.436725531525862],[13.554967800995751],14.150506777302516,9.175340049908659,3.7664460107161086
469,long_path,lp2_n85,10s,ignore,3,gaus_80,"[14.387427574147175, 10.01757666746385]","[9.220680656146031, 3.724565513346493]","[11.163004730619116, 4.623110940733997]",11.590370986970774,"[14.713910825308878, 11.329241264794614]","[6.318229479457895, 4.144617278544656]","[11.236124201611979, 7.318912585173339]",10.75608816879292,[17.542305244093505],[11.395231645931066],[13.766398129760537],14.234645006595036,9.220680656146031,3.724565513346493
504,long_path,lp2_n100,3s,ignore,6,average,"[16.709443447997998, 10.248986454857956]","[9.250245631637886, 4.719450806126049]","[11.826850411882718, 5.405710097951728]",12.595513163839534,"[17.211668002744123, 11.752503080169811]","[5.9405606124545605, 6.9905463927850615]","[12.441069852537725, 6.731734756514996]",11.864432822578804,[19.40933552796787],[10.43138547949535],[14.21857450139419],14.686431836285804,9.250245631637886,4.719450806126049
468,long_path,lp2_n85,10s,ignore,3,average,"[14.701369749416083, 9.778155218735884]","[9.423548189189193, 4.198240272153736]","[10.70936188888889, 4.217744141409556]",11.611426609164722,"[14.984298945612279, 11.226799623568612]","[7.225111326326328, 4.621900697319813]","[10.944308004115227, 6.547274719022191]",11.051239425351278,[17.803621186853526],[12.275991613279945],[13.287349563786009],14.455654121306496,9.423548189189193,4.198240272153736
565,long_path,lp2_n100,10s,ignore,3,gaus_80,"[18.291556223276316, 12.26315703182429]","[9.718559342433947, 4.895060595167836]","[16.816051269675583, 7.348368815803027]",14.942055611795285,"[15.625526277130518, 15.001312709658265]","[7.742346061455048, 6.315413377160262]","[14.411052780434577, 11.973323999648992]",12.592975039673382,[20.76900462664087],[10.67683180242604],[18.209032452839864],16.551622960635594,9.718559342433947,4.895060595167836
502,long_path,lp2_n100,3s,ignore,3,gaus_normal,"[17.408406289425905, 10.878760223351222]","[9.801236351233433, 4.8304946654747996]","[12.588479656959404, 5.735908608679108]",13.266040765872916,"[18.687233324159873, 11.884703083596989]","[7.854175888444679, 9.175757527640108]","[12.105733994718754, 8.387575560952111]",12.88238106910777,[20.728141668364767],[11.530543240081608],[14.755631130437965],15.671438679628116,9.801236351233433,4.8304946654747996
501,long_path,lp2_n100,3s,ignore,3,gaus_80,"[17.625465185538587, 11.148837965833284]","[9.807785873362494, 4.8247609390676836]","[12.636874719632655, 5.938906808265209]",13.356708592844578,"[18.941362152633005, 12.34970337130716]","[7.998260892587972, 9.304093639932999]","[12.065881029915367, 9.125818239863273]",13.001834691712114,[21.02791697662716],[11.689946555936814],[14.95385812400412],15.8905738855227,9.807785873362494,4.8247609390676836
572,long_path,lp2_n100,10s,ignore,12,average,"[16.659258738905574, 10.238331273864471]","[9.813534546504842, 3.335559276436068]","[13.970967589506172, 5.114196019168783]",13.481253624972195,"[15.802937879268159, 12.847532226159917]","[5.766750500083416, 5.266695047284086]","[11.752381080246915, 6.359403518903003]",11.10735648653283,[17.844047269936603],[10.314330612654322],[15.276860867283952],14.47841291662496,9.813534546504842,3.335559276436068
533,long_path,lp2_n100,5s,ignore,3,gaus_80,"[18.187539007434705, 12.50797908565992]","[9.836252160692334, 5.252168791436295]","[14.192141009675971, 7.082352980018163]",14.071977392601005,"[18.767145515709693, 16.64727079159947]","[6.83692858444623, 7.8987932071816]","[14.013048278765387, 11.731224753093503]",13.205707459640436,[21.631377108026978],[11.395446965368645],[16.281534546414548],16.436119539936723,9.836252160692334,5.252168791436295
566,long_path,lp2_n100,10s,ignore,3,gaus_normal,"[17.978962557949203, 12.04687049088916]","[9.888759608326833, 4.911460799917341]","[16.66504301622508, 6.737911751440125]",14.844255060833705,"[16.026232763218545, 14.660075720126363]","[7.5697257973941605, 6.408174999294528]","[14.322070152470282, 11.53348946803386]",12.639342904360996,[20.503593465280737],[10.631779550947446],[17.818144846402554],16.317839287543578,9.888759608326833,4.911460799917341
534,long_path,lp2_n100,5s,ignore,3,gaus_normal,"[18.086809436461756, 12.163643968000189]","[9.961869019961895, 5.155420817368201]","[14.155343995534288, 6.790869571043017]",14.06800748398598,"[18.676805254713017, 16.36722065591015]","[6.770824387371664, 7.8316842497301495]","[13.887407384042168, 10.945673429362502]",13.111679008708949,[21.407807390420682],[11.43937362755277],[16.10308619670234],16.316755738225265,9.961869019961895,5.155420817368201
500,long_path,lp2_n100,3s,ignore,3,average,"[16.9982263517017, 10.06416075004477]","[10.003810125387886, 5.226651637951288]","[12.30378293271605, 5.3383745514964]",13.101939803268545,"[17.848816824583203, 11.177136891427118]","[7.558527643432904, 8.64334402916851]","[12.203078545953362, 7.291441705317992]",12.536807671323157,[19.988924735165348],[11.731409596101429],[14.439122457277387],15.386485596181387,10.003810125387886,5.226651637951288
536,long_path,lp2_n100,5s,ignore,6,average,"[17.669239327932097, 11.125991459687752]","[10.007644919961626, 4.40261053966735]","[12.652087667952674, 5.395479892369459]",13.442990638615465,"[17.156747294437295, 12.680190780578313]","[5.498747523982316, 6.433882264970066]","[12.599136316872428, 7.100206992602366]",11.751543711764016,[20.17974167653606],[10.886565222013681],[14.615553265795208],15.227286721448316,10.007644919961626,4.40261053966735
535,long_path,lp2_n100,5s,ignore,3,gaus_top,"[19.02614984876543, 13.309713801703454]","[10.283378767183851, 5.773094576967477]","[14.172697799897122, 7.455942160348311]",14.494075471948802,"[21.31410367538967, 14.162432067880475]","[7.967462914998332, 9.266269945887753]","[14.628578034979423, 12.307866062001189]",14.636714875122474,[24.168366037010024],[12.696265835335335],[16.929085355846045],17.9312390760638,10.283378767183851,5.773094576967477
497,long_path,lp2_n100,3s,ignore,1,gaus_80,"[16.518558664014016, 10.334287421642985]","[10.368331542655154, 5.472798313006861]","[13.144231056790124, 6.050785818463525]",13.343707087819766,"[18.974839392469395, 13.730826058081218]","[10.28395342105263, 10.677391324017732]","[13.891650871056243, 10.429805767219635]",14.383481228192757,[21.470377739324483],[14.05453005279902],[15.92731400018352],17.150740597435675,10.368331542655154,5.472798313006861
496,long_path,lp2_n100,3s,ignore,1,average,"[16.71744258068068, 10.251497727250646]","[10.568159880155154, 5.606947201593588]","[13.144231056790124, 6.050785818463525]",13.476611172541986,"[19.37403732846054, 13.901977436759584]","[10.28395342105263, 10.677391324017732]","[13.891650871056243, 10.429805767219635]",14.51654720685647,[21.603610211042824],[14.310143779939589],[15.92731400018352],17.280355997055313,10.568159880155154,5.606947201593588
568,long_path,lp2_n100,10s,ignore,6,average,"[17.427140775942608, 10.631372887856866]","[10.698882782615946, 4.502677961015917]","[14.664077833333335, 4.946926601149587]",14.263367130630629,"[16.37699760149038, 13.960267295276163]","[5.848229944527861, 7.188674863524133]","[12.316564506172842, 7.063895596459059]",11.513930684063697,[19.34154069586253],[11.201457249416084],[15.910795635802472],15.484597860360362,10.698882782615946,4.502677961015917
532,long_path,lp2_n100,5s,ignore,3,average,"[17.76579930960127, 11.4765273175896]","[10.918918433850513, 5.13013295121919]","[13.729992818415637, 5.996812393614792]",14.138236853955808,"[18.252928478764478, 13.700118118557981]","[7.099633426760093, 7.48508811006716]","[13.3349203909465, 9.012245610390908]",12.895827432157024,[21.018397767619998],[12.45481041041041],[15.503338703945776],16.32551562732539,10.918918433850513,5.13013295121919
503,long_path,lp2_n100,3s,ignore,3,gaus_top,"[18.727855115240242, 11.252679642194423]","[10.94113170344094, 5.413856267932131]","[12.559591352160497, 5.989818774611416]",14.076192723613891,"[20.013513663663666, 12.895800173015495]","[10.170959038248775, 10.605755809893937]","[12.44431622770919, 10.332826339887657]",14.20959630987388,[22.738627003217417],[13.51805173989867],[15.698201396864146],17.31829337999341,10.94113170344094,5.413856267932131
529,long_path,lp2_n100,5s,ignore,1,gaus_80,"[16.875934447447452, 10.494877953894255]","[11.573976019853186, 7.245828820914549]","[13.953197114711934, 6.534298306992427]",14.134369194004192,"[18.835576574860582, 14.007745679980134]","[10.480856771989382, 10.62593829128501]","[13.866174760348585, 10.500238965126782]",14.394202702399516,[22.46055986475542],[15.280323311574515],[16.510454515150258],18.0837792304934,11.573976019853186,7.245828820914549
564,long_path,lp2_n100,10s,ignore,3,average,"[18.170085164831494, 11.480171447635728]","[11.872927504838167, 5.111392769576557]","[15.607017222222222, 5.167275886228449]",15.216676630630628,"[17.44363760149038, 13.820603775793087]","[7.510723138138136, 7.624873295628187]","[13.901710061728396, 9.608769846820746]",12.952023600452303,[20.72545671438105],[12.572454004671334],[16.76682361728395],16.688244778778778,11.872927504838167,5.111392769576557
528,long_path,lp2_n100,5s,ignore,1,average,"[16.916674169669673, 10.532992189858943]","[12.27832388730397, 7.306341836546399]","[14.113933836934157, 6.5193438785077]",14.436310631302598,"[18.835576574860582, 14.007745679980134]","[11.138944075325325, 10.531185427591316]","[13.866174760348585, 10.500238965126782]",14.613565136844832,[22.520089593966983],[15.9638629332666],[16.636811536431857],18.373588021221813,12.27832388730397,7.306341836546399
561,long_path,lp2_n100,10s,ignore,1,gaus_80,"[18.463904979646312, 14.883413696357398]","[13.250908291916915, 6.202311698919259]","[16.468724074074075, 6.175568548291201]",16.061179115212436,"[19.92686251001001, 16.538174582410562]","[8.527308272818273, 9.78082001842285]","[14.686052592592594, 12.924927125236048]",14.380074458473628,[23.94464172917689],[14.449229805814905],[18.90243067925442],19.098767404748735,13.250908291916915,6.202311698919259
560,long_path,lp2_n100,10s,ignore,1,average,"[19.050063164831496, 15.09355915599648]","[14.550418123456787, 7.143936830035137]","[16.748717074074076, 6.183612148881271]",16.783066120787453,"[20.724147289511738, 14.588466638631969]","[10.272193416750083, 11.008327273812736]","[14.686052592592594, 12.924927125236048]",15.227464432951471,[24.48376411867423],[16.439077390056724],[19.15765547736626],20.026832328699072,14.550418123456787,7.143936830035137
